Наименование,Описание,Рубрики,Адрес,Комментарий к адресу,Почтовый индекс,Микрорайон,Район,Город,Округ,Регион,Страна,Часы работы,Часовой пояс,Рейтинг,Количество отзывов,Телефон 1,Телефон 2,Телефон 3,E-mail,Веб-сайт 1,Веб-сайт 2,Instagram,Facebook,ВКонтакте,WhatsApp 1,WhatsApp 2,WhatsApp 3,Viber,Telegram,YouTube,Широта,Долгота,2GIS URL
Aitmen,барбершоп,Барбершопы; Обучение мастеров для салонов красоты; Профессиональная косметика,"Бухар жырау улица, 36а",7 офис,,,Есиль район,Астана,,Астана,Казахстан,Пн: 10:00-22:00; Вт: 10:00-22:00; Ср: 10:00-22:00; Чт: 10:00-22:00; Пт: 10:00-22:00; Сб: 10:00-22:00; Вс: 10:00-22:00,+05:00,5.0,1500,87761263922,,,support@aitmen.kz,http://zapis.kz/barbershop-aitmen,,https://instagram.com/aitmen_barbershop,,,https://wa.me/77761263922,,,,,,51.097959,71.440436,https://2gis.com/firm/70000001036551449
CROP Barbershop,,Барбершопы; Обучение мастеров для салонов красоты,"улица Алматы, 11",,,,Есиль район,Астана,,Астана,Казахстан,Пн: 10:00-21:00; Вт: 10:00-21:00; Ср: 10:00-21:00; Чт: 10:00-21:00; Пт: 10:00-21:00; Сб: 10:00-21:00; Вс: 10:00-21:00,+05:00,5.0,2697,87079600220,,,,http://crop-online.kz,,https://instagram.com/crop.barbershop,,,https://wa.me/77079600220,,,,https://t.me/+77079600220,,51.116179,71.429536,https://2gis.com/firm/70000001052009488
Myrza,,Барбершопы,"Амангельды Иманова улица, 41",,,Целинный м-н,Байконыр район,Астана,,Астана,Казахстан,Пн: 10:00-21:00; Вт: 10:00-21:00; Ср: 10:00-21:00; Чт: 10:00-21:00; Пт: 10:00-21:00; Сб: 10:00-21:00; Вс: 10:00-21:00,+05:00,4.9,614,87015412617,,,kalamkaszal@gmail.com,http://zapis.kz/barbershop-myrza,,https://instagram.com/myrza.barbershop,,,https://wa.me/77015412617,,,,,,51.161619,71.45749,https://2gis.com/firm/70000001078526555
Spirito Royal,барбершоп,Барбершопы,"улица Касым Кайсенов, 6",,,,Есиль район,Астана,,Астана,Казахстан,Пн: 10:00-22:00; Вт: 10:00-22:00; Ср: 10:00-22:00; Чт: 10:00-22:00; Пт: 10:00-22:00; Сб: 10:00-22:00; Вс: 10:00-22:00,+05:00,5.0,7,87777240240,,,,,,https://instagram.com/spiritoroyal.barbershop,,,https://wa.me/77770554554,https://wa.me/77777240240,,,,,51.097332,71.445843,https://2gis.com/firm/70000001104888317
Cuba__barbershop,,Барбершопы,"улица Анет баба, 13/2",,,,Нура район,Астана,,Астана,Казахстан,Пн: 10:00-22:00; Вт: 10:00-22:00; Ср: 10:00-22:00; Чт: 10:00-22:00; Пт: 10:00-22:00; Сб: 10:00-22:00; Вс: 10:00-22:00,+05:00,5.0,253,87717916784,,,,,,https://instagram.com/cuba__barbershop,,,https://wa.me/77717916784,,,,,,51.13996,71.38514,https://2gis.com/firm/70000001093531506
Oscar,барбершоп,Барбершопы,"улица Санжара Асфендиярова, 10",рядом с Green market,,,Нура район,Астана,,Астана,Казахстан,Пн: 10:00-20:00; Вт: 10:00-20:00; Ср: 10:00-20:00; Чт: 10:00-20:00; Пт: 10:00-20:00; Сб: 10:00-20:00; Вс: 10:00-20:00,+05:00,5.0,310,87781582255,,,oscar.barbershop@mail.ru,,,https://instagram.com/oscar_barbershop_astana,,,https://wa.me/77781582255,,,,,,51.136276,71.382013,https://2gis.com/firm/70000001087425965
Monke,барбершоп,Барбершопы; Обучение мастеров для салонов красоты,"Бухар жырау улица, 40",4 офис,,,Есиль район,Астана,,Астана,Казахстан,Пн: 10:00-21:00; Вт: 10:00-21:00; Ср: 10:00-21:00; Чт: 10:00-21:00; Пт: 10:00-21:00; Сб: 10:00-21:00; Вс: 10:00-21:00,+05:00,4.9,187,87712637091,,,,http://zapis.kz/monke-barbershop,http://taplink.cc/monke_barbershop,https://instagram.com/monke.barbershop,,,https://wa.me/77712637091,,,,,,51.096561,71.446395,https://2gis.com/firm/70000001078927953
Logovo,,Барбершопы,"проспект Абылай хана, 20Б",НП: 7,,,Алматы район,Астана,,Астана,Казахстан,Пн: 10:00-02:00; Вт: 10:00-02:00; Ср: 10:00-02:00; Чт: 10:00-02:00; Пт: 10:00-02:00; Сб: 10:00-02:00; Вс: 10:00-02:00,+05:00,4.9,2644,87006461244,,,d-kz@mail.ru,http://taplink.cc/logovo,,https://instagram.com/barbershop.logovo,,,https://wa.me/77006461244,,,,,,51.155735,71.480897,https://2gis.com/firm/70000001065926390
Baur,барбершоп,Барбершопы,"улица Кайым Мухамедханов, 21",вход через пандус,,,Нура район,Астана,,Астана,Казахстан,Пн: 10:00-21:00; Вт: 10:00-21:00; Ср: 10:00-21:00; Чт: 10:00-21:00; Пт: 10:00-21:00; Сб: 10:00-21:00; Вс: 10:00-21:00,+05:00,5.0,172,87075878389,,,,http://n1327238.alteg.io,,https://instagram.com/baur_barbershop,,,https://wa.me/77075878389,,,,,,51.142225,71.381576,https://2gis.com/firm/70000001094311276
Baghdad,барбершоп,Барбершопы,"улица Толе би, 53",,,,Нура район,Астана,,Астана,Казахстан,Пн: 10:30-22:00; Вт: 10:30-22:00; Ср: 10:30-22:00; Чт: 10:30-22:00; Пт: 10:30-22:00; Сб: 10:30-22:00; Вс: 10:30-22:00,+05:00,5.0,378,87772133396 (администратор),,,hamigirl@bk.ru,http://n1207887.alteg.io,,https://instagram.com/baghdad_barbershop.kz,,,https://wa.me/77772133396,,,,,,51.125089,71.394427,https://2gis.com/firm/70000001077525309
True Man,барбершоп,Барбершопы,"улица Сарайшык, 34",,,,Есиль район,Астана,,Астана,Казахстан,Пн: 10:00-21:00; Вт: 10:00-21:00; Ср: 10:00-21:00; Чт: 10:00-21:00; Пт: 10:00-21:00; Сб: 10:00-21:00; Вс: 10:00-21:00,+05:00,4.9,226,87020006697,,,truemanbarbershopastana@gmail.com,http://zapis.kz/true-man,,https://instagram.com/true_man_barbershop,,,https://wa.me/77020006697,,,,,,51.133724,71.42805,https://2gis.com/firm/70000001026517945
GQ,барбершоп,Барбершопы; Тату-салоны,"Кабанбай батыр проспект, 60/19",,,,Есиль район,Астана,,Астана,Казахстан,Пн: 10:00-21:00; Вт: 10:00-21:00; Ср: 10:00-21:00; Чт: 10:00-21:00; Пт: 10:00-21:00; Сб: 10:00-21:00; Вс: 10:00-21:00,+05:00,4.9,248,87022142024,,,,http://n1220893.alteg.io/,,https://instagram.com/barbershop_gq_astana,,,https://wa.me/77022142024,,,,,,51.090374,71.408137,https://2gis.com/firm/70000001083324175
Storm,барбершоп,Барбершопы,"проспект Туран, 34а",,,,Нура район,Астана,,Астана,Казахстан,Пн: 10:00-21:00; Вт: 10:00-21:00; Ср: 10:00-21:00; Чт: 10:00-21:00; Пт: 10:00-21:00; Сб: 10:00-21:00; Вс: 10:00-21:00,+05:00,5.0,377,87007927545,,,,,,https://instagram.com/storm.barbershop.kz,,,https://wa.me/77007927545,,,,,,51.121333,71.405163,https://2gis.com/firm/70000001092742195
TM Barbershop,,Барбершопы; Студии загара; Ногтевые студии,"проспект Мангилик Ел, 28",,,,Есиль район,Астана,,Астана,Казахстан,Пн: 10:00-21:00; Вт: 10:00-21:00; Ср: 10:00-21:00; Чт: 10:00-21:00; Пт: 10:00-21:00; Сб: 10:00-21:00; Вс: 10:00-21:00,+05:00,4.9,1118,87773163333,,,,http://tmbarbershopastana.taplink.ws,,https://instagram.com/tmbarbershop_astana,,,https://wa.me/77773163333,,,,,,51.111822,71.433726,https://2gis.com/firm/70000001037001484
OldBoy,барбершоп,Барбершопы,"улица Амман, 2",,,,Алматы район,Астана,,Астана,Казахстан,Пн: 10:00-21:00; Вт: 10:00-21:00; Ср: 10:00-21:00; Чт: 10:00-21:00; Пт: 10:00-21:00; Сб: 10:00-21:00; Вс: 10:00-21:00 (по предварительной записи),+05:00,4.9,408,87000203670,87172203670,,oldboy.astana@gmail.com,http://oldboybarbershop.com/astana/milanskiy,,https://instagram.com/oldboy_astana,,,https://wa.me/77000203670,,,,,,51.141857,71.446036,https://2gis.com/firm/70000001026875756
13,,Барбершопы; Тату-салоны; Эпиляция,"проспект Туран, 22",,,,Нура район,Астана,,Астана,Казахстан,Пн: 10:00-21:00; Вт: 10:00-21:00; Ср: 10:00-21:00; Чт: 10:00-21:00; Пт: 10:00-21:00; Сб: 10:00-21:00; Вс: 10:00-21:00,+05:00,4.9,443,87018741313,,,13.barbershop.astana@mail.ru,http://13barbershop.taplink.ws/,,https://instagram.com/13barbershop.astana,,,https://wa.me/77018741313,,,,,,51.140523,71.410629,https://2gis.com/firm/70000001034711012
Caesar`s,барбершоп,Барбершопы,"улица Кайым Мухамедханов, 4/3",,,,Нура район,Астана,,Астана,Казахстан,Пн: 10:00-22:00; Вт: 10:00-22:00; Ср: 10:00-22:00; Чт: 10:00-22:00; Пт: 10:00-22:00; Сб: 10:00-22:00; Вс: 10:00-22:00,+05:00,4.9,225,87757176546,,,,http://zapis.kz/salon/12311,,https://instagram.com/barbershop_thecaesars,,,https://wa.me/77757176546,,,,,,51.135543,71.402658,https://2gis.com/firm/70000001100038603
Talmur Barbershop,,Барбершопы,"улица Кайым Мухамедханов, 8",,,,Нура район,Астана,,Астана,Казахстан,Пн: 10:00-21:00; Вт: 10:00-21:00; Ср: 10:00-21:00; Чт: 10:00-21:00; Пт: 10:00-21:00; Сб: 10:00-21:00; Вс: 10:00-21:00,+05:00,4.7,536,87084254499,,,,http://zapis.kz/salon/talmur-4811,http://zapis.kz/salon/talmur-4811?redirect=true,https://instagram.com/barbershop_talmur,,,https://wa.me/77084254499,,,,,,51.140416,71.382265,https://2gis.com/firm/70000001056388655
016,барбершоп,Барбершопы,"улица Кенесары, 69",цокольный этаж,,,Байконыр район,Астана,,Астана,Казахстан,Пн: 11:00-24:00; Вт: 11:00-24:00; Ср: 11:00-24:00; Чт: 11:00-24:00; Пт: 11:00-24:00; Сб: 11:00-24:00; Вс: 11:00-24:00,+05:00,5.0,97,87774080400,,,,,,https://instagram.com/016.barbershop,,,https://wa.me/77774080400,,,,,,51.168643,71.446884,https://2gis.com/firm/70000001087443439
Central,барбершоп,Барбершопы,"улица Сарайшык, 34",,,,Есиль район,Астана,,Астана,Казахстан,Пн: 10:00-22:00; Вт: 10:00-22:00; Ср: 10:00-22:00; Чт: 10:00-22:00; Пт: 10:00-22:00; Сб: 10:00-22:00; Вс: 10:00-22:00,+05:00,4.9,1108,87718132022,87719091709,,rysbek.02@icloud.com,,,https://instagram.com/central.astana,,,https://wa.me/77718132022,https://wa.me/77719091709,,,,,51.133787,71.429172,https://2gis.com/firm/70000001086784086
ARA Barbershop,,Барбершопы,"улица Санжара Асфендиярова, 5",НП: 12,,,Нура район,Астана,,Астана,Казахстан,Пн: 11:00-21:00; Вт: 11:00-21:00; Ср: 11:00-21:00; Чт: 11:00-21:00; Пт: 11:00-21:00; Сб: 11:00-21:00; Вс: 11:00-21:00 (по предварительной записи),+05:00,5.0,412,87084256627,87172256627,,,,,https://instagram.com/ara_barbershop_astana,,,https://wa.me/77084256627,,,,,,51.133197,71.381158,https://2gis.com/firm/70000001065229746
Undercut,,Барбершопы,"проспект Туран, 43/3",,,,Нура район,Астана,,Астана,Казахстан,Пн: 10:00-21:00; Вт: 10:00-21:00; Ср: 10:00-21:00; Чт: 10:00-21:00; Пт: 10:00-21:00; Сб: 10:00-21:00; Вс: 10:00-21:00,+05:00,5.0,373,87083037070,,,,http://n1323701.alteg.io/company/1265960/personal/menu?o=,,https://instagram.com/undercut.kz,,,https://wa.me/77083037070,,,,,,51.124747,71.400479,https://2gis.com/firm/70000001093664469
The One,,Барбершопы,"улица Е-489, 6",,,,Нура район,Астана,,Астана,Казахстан,Пн: 10:00-22:00; Вт: 10:00-22:00; Ср: 10:00-22:00; Чт: 10:00-22:00; Пт: 10:00-22:00; Сб: 10:00-22:00; Вс: 10:00-22:00,+05:00,5.0,343,87474643711 (администратор),,,,http://n818908.alteg.io/,,https://instagram.com/theone_ast,,,https://wa.me/77474643711,,,,,,51.144318,71.378324,https://2gis.com/firm/70000001079854615
The Shelby,,Барбершопы,"улица Толе би, 59",3 офис,,,Нура район,Астана,,Астана,Казахстан,Пн: 10:00-21:00; Вт: 10:00-21:00; Ср: 10:00-21:00; Чт: 10:00-21:00; Пт: 10:00-21:00; Сб: 10:00-21:00; Вс: 10:00-21:00,+05:00,4.9,699,87055559773,,,,http://n798451.alteg.io,,https://instagram.com/ts__barbershop,https://facebook.com/n798451.alteg.io,,https://wa.me/77055559773,,,,,,51.132634,71.39695,https://2gis.com/firm/70000001068515629
Trim,барбершоп,Барбершопы,"проспект Тауелсиздик, 43",,,,Алматы район,Астана,,Астана,Казахстан,Пн: 11:00-21:00; Вт: 11:00-21:00; Ср: 11:00-21:00; Чт: 11:00-21:00; Пт: 11:00-21:00; Сб: 11:00-21:00; Вс: 11:00-21:00,+05:00,5.0,46,87761551337,87016516556 (администратор),,,http://zapis.kz/trim-barbershop,,https://instagram.com/trim_barbershop_astana,,,https://wa.me/77016516556,,,,,,51.133848,71.466682,https://2gis.com/firm/70000001104039126
Prime Barbershop,,Барбершопы,"проспект Мангилик Ел, 47п",цокольный этаж,,,Есиль район,Астана,,Астана,Казахстан,Пн: 11:00-24:00; Вт: 11:00-24:00; Ср: 11:00-24:00; Чт: 11:00-24:00; Пт: 11:00-24:00; Сб: 11:00-24:00; Вс: 11:00-24:00,+05:00,4.9,280,87770276248,,,,http://dikidi.app/1822650,,https://instagram.com/prime.barbershop.01,,,https://wa.me/77770276248,,,,,,51.098463,71.426668,https://2gis.com/firm/70000001082701897
MasterСut,,Барбершопы,"улица Кенжебек Кумисбеков, 2",,,,Сарыарка район,Астана,,Астана,Казахстан,Пн: 10:00-21:00; Вт: 10:00-21:00; Ср: 10:00-21:00; Чт: 10:00-21:00; Пт: 10:00-21:00; Сб: 10:00-21:00; Вс: 10:00-21:00,+05:00,4.9,434,87018507761,,,mastercutsme@gmail.com,http://mastercuts.me,,https://instagram.com/mastercuts.me,,,https://wa.me/77018507761,,,,,,51.163279,71.400864,https://2gis.com/firm/70000001064074061
Notting Hill,барбершоп,Барбершопы,"Керей, Жанибек хандар улица, 44",,,,Есиль район,Астана,,Астана,Казахстан,Пн: 10:00-21:00; Вт: 10:00-21:00; Ср: 10:00-21:00; Чт: 10:00-21:00; Пт: 10:00-21:00; Сб: 10:00-21:00; Вс: 10:00-21:00,+05:00,4.9,74,87775655544,,,,,,https://instagram.com/nottinghillbarbershop,,,https://wa.me/77775655544,,,,,,51.107263,71.447252,https://2gis.com/firm/70000001098166041
NewMan,,Барбершопы,"улица Абикен Бектуров, 17",,,,Нура район,Астана,,Астана,Казахстан,Пн: 10:00-21:00; Вт: 10:00-21:00; Ср: 10:00-21:00; Чт: 10:00-21:00; Пт: 10:00-21:00; Сб: 10:00-21:00; Вс: 10:00-21:00,+05:00,5.0,77,87754426687,,,,http://n1333839.alteg.io/company/1274513/personal/menu,,https://instagram.com/newman_barbershop_astana,,,https://wa.me/77754426687,,,,,,51.119654,71.396886,https://2gis.com/firm/70000001096193968
Gents,мужской салон,Барбершопы; Обучение мастеров для салонов красоты,"проспект Сарыарка, 24",,,,Сарыарка район,Астана,,Астана,Казахстан,Пн: 10:00-20:00; Вт: 10:00-20:00; Ср: 10:00-20:00; Чт: 10:00-20:00; Пт: 10:00-20:00; Сб: 10:00-20:00; Вс: 10:00-20:00,+05:00,4.8,543,87770081111,,,gents1111@gmail.com,http://zapis.kz/gents,,https://instagram.com/gents__astana,,,https://wa.me/77770081111,,,,https://t.me/gents_astana,,51.167356,71.408877,https://2gis.com/firm/70000001023790767
Triumph Barbershop,,Барбершопы; Обучение мастеров для салонов красоты,"Аль-Фараби проспект, 17",,,,Есиль район,Астана,,Астана,Казахстан,Пн: 11:00-21:00; Вт: 11:00-21:00; Ср: 11:00-21:00; Чт: 11:00-21:00; Пт: 11:00-21:00; Сб: 11:00-21:00; Вс: 11:00-21:00,+05:00,5.0,600,87760008144,,,,,,https://instagram.com/triumph_barbershop_,,,https://wa.me/77760008144,,,,https://t.me/+77760008144,,51.094026,71.449492,https://2gis.com/firm/70000001077459169
Berloga,барбершоп,Барбершопы; Обучение мастеров для салонов красоты,"улица Туркестан, 16/5",1 этаж,,,Есиль район,Астана,,Астана,Казахстан,Пн: 11:00-22:00; Вт: 10:00-22:00; Ср: 10:00-22:00; Чт: 10:00-22:00; Пт: 10:00-22:00; Сб: 10:00-22:00; Вс: 10:00-22:00,+05:00,4.9,581,87716939039,,,berloga.nursultan@gmail.com,,,https://instagram.com/berloga.astana,,,https://wa.me/77716939039,,,,,,51.105619,71.425861,https://2gis.com/firm/70000001046667344
Custom,,Барбершопы,"улица Алихан Бокейхан, 10",1 этаж,,,Есиль район,Астана,,Астана,Казахстан,Пн: 10:00-21:00; Вт: 10:00-21:00; Ср: 10:00-21:00; Чт: 10:00-21:00; Пт: 10:00-21:00; Сб: 10:00-21:00; Вс: 10:00-21:00,+05:00,4.9,667,87072994444,,,,http://n488318.alteg.io/,,https://instagram.com/custom_barbershop,,,https://wa.me/77072994444,,,,https://t.me/custombarbershop,,51.113943,71.438938,https://2gis.com/firm/70000001049488571
Style man,,Барбершопы,"проспект Бауыржан Момышулы, 15а",,,,Алматы район,Астана,,Астана,Казахстан,Пн: 10:00-21:00; Вт: 10:00-21:00; Ср: 10:00-21:00; Чт: 10:00-21:00; Пт: 10:00-21:00; Сб: 10:00-21:00; Вс: 10:00-21:00 (по предварительной записи),+05:00,4.9,93,87086346269,,,,,,,,,https://wa.me/77086346269,,,,,,51.138631,71.471929,https://2gis.com/firm/70000001060716986
Valhalla,барбершоп,Барбершопы,"проспект Тауелсиздик, 47а",НП: 1,,Юго-Восток (правая сторона) ж/м,Алматы район,Астана,,Астана,Казахстан,Пн: 10:00-21:00; Вт: 10:00-21:00; Ср: 10:00-21:00; Чт: 10:00-21:00; Пт: 10:00-21:00; Сб: 10:00-21:00; Вс: 10:00-21:00,+05:00,4.9,98,87081473415,,,,http://n1366781.alteg.io/,,https://instagram.com/barbershop_valhalla_ast,,,https://wa.me/77081473415,,,,,,51.132681,71.466589,https://2gis.com/firm/70000001101476785
Culture,барбершоп,Барбершопы,"улица Кенесары, 4",2 этаж,,,Сарыарка район,Астана,,Астана,Казахстан,Пн: 11:00-21:00; Вт: 11:00-21:00; Ср: 11:00-21:00; Чт: 11:00-21:00; Пт: 11:00-21:00; Сб: 11:00-21:00; Вс: 11:00-21:00,+05:00,4.9,445,87076168552,,,,http://n558012.alteg.io,,https://instagram.com/culture_barbershop_kz,,,https://wa.me/77076168552,,,,,,51.161665,71.400673,https://2gis.com/firm/70000001075350807
Saqal коке,,Барбершопы; Обучение мастеров для салонов красоты,"улица Жошы хан, 1/2",,,,Есиль район,Астана,,Астана,Казахстан,Пн: 10:00-22:00; Вт: 10:00-22:00; Ср: 10:00-22:00; Чт: 10:00-22:00; Пт: 10:00-22:00; Сб: 10:00-22:00; Вс: 10:00-22:00,+05:00,5.0,118,87073023023,87770232303,,saqal.koke@gmail.com,,,https://instagram.com/saqal.koke,,,https://wa.me/77073023023,,,,,,51.095745,71.43503,https://2gis.com/firm/70000001100455515
Raid,барбершоп,Барбершопы,"проспект Ракымжан Кошкарбаев, 54а",,,,Сарайшык район,Астана,,Астана,Казахстан,Пн: 10:00-22:00; Вт: 10:00-22:00; Ср: 10:00-22:00; Чт: 10:00-22:00; Пт: 10:00-22:00; Сб: 10:00-22:00; Вс: 10:00-22:00,+05:00,4.9,179,87777545401,,,,,,https://instagram.com/raid.barbershop,,,https://wa.me/77777545401,,,,,,51.129097,71.499521,https://2gis.com/firm/70000001090219668
NewYork,,Барбершопы,"проспект Ракымжан Кошкарбаев, 34",,,,Сарайшык район,Астана,,Астана,Казахстан,Пн: 10:00-23:00; Вт: 10:00-23:00; Ср: 10:00-23:00; Чт: 10:00-23:00; Пт: 10:00-23:00; Сб: 10:00-23:00; Вс: 10:00-23:00,+05:00,5.0,152,87781899337,,,,,,,,,https://wa.me/77781899337,,,,,,51.1249,71.484812,https://2gis.com/firm/70000001095528410
Bugay,,Барбершопы,"проспект Ракымжан Кошкарбаев, 32/3 блок И",,,,Сарайшык район,Астана,,Астана,Казахстан,Пн: 08:00-24:00; Вт: 08:00-24:00; Ср: 08:00-24:00; Чт: 08:00-24:00; Пт: 08:00-24:00; Сб: 08:00-24:00; Вс: 08:00-24:00,+05:00,4.8,16,87771032315,87055696150,,,,,,,,https://wa.me/77771032315,https://wa.me/77055696150,,,,,51.124625,71.481851,https://2gis.com/firm/70000001104883745
Sage barbershop,,Барбершопы,"улица Шамши Калдаяков, 6",,,,Сарайшык район,Астана,,Астана,Казахстан,Пн: 09:00-20:00; Вт: 09:00-20:00; Ср: 09:00-20:00; Чт: 09:00-20:00; Пт: 09:00-20:00; Сб: 09:00-20:00; Вс: 09:00-20:00,+05:00,5.0,75,87017344600,,,,,,https://instagram.com/kimax_barber_sage,,,https://wa.me/77017344600,,,,,,51.118058,71.458946,https://2gis.com/firm/70000001094135387
Brabús,барбершоп,Барбершопы,"улица Алихан Бокейхан, 27/2",НП: 3,,,Есиль район,Астана,,Астана,Казахстан,Вт: 10:00-20:00; Ср: 10:00-20:00; Чт: 10:00-20:00; Пт: 10:00-20:00; Сб: 10:00-20:00; Вс: 10:00-20:00,+05:00,4.9,50,87783401211,87758074824,,,http://zapis.kz/mens-station,,https://instagram.com/brabus.barbershop01,,,https://wa.me/77783401211,,,,,,51.08468,71.431201,https://2gis.com/firm/70000001083498136
Бравый,барбершоп,Барбершопы,"проспект Туран, 46/2",1 этаж,,,Нура район,Астана,,Астана,Казахстан,Пн: 10:00-22:00; Вт: 10:00-22:00; Ср: 10:00-22:00; Чт: 10:00-22:00; Пт: 10:00-22:00; Сб: 10:00-22:00; Вс: 10:00-22:00,+05:00,4.8,1155,87759883377,,,,http://n268548.alteg.io/,,https://instagram.com/bravyi_astana,,,https://wa.me/77759883377,,,,,,51.112628,71.40169,https://2gis.com/firm/70000001036079848
Royal Men,,Барбершопы,"проспект Улы Дала, 58",НП: 7,,,Есиль район,Астана,,Астана,Казахстан,Пн: 10:00-21:00; Вт: 10:00-21:00; Ср: 10:00-21:00; Чт: 10:00-21:00; Пт: 10:00-21:00; Сб: 10:00-21:00; Вс: 10:00-21:00,+05:00,4.7,24,87008691010,,,,,,,,,https://wa.me/77008691010,,,,,,51.096949,71.412239,https://2gis.com/firm/70000001103703986
SIN CITY,барбершоп,Барбершопы,"улица Алексея Петрова, 20",,,2а м-н,Алматы район,Астана,,Астана,Казахстан,Пн: 10:00-21:00; Вт: 10:00-21:00; Ср: 10:00-21:00; Чт: 10:00-21:00; Пт: 10:00-21:00; Сб: 10:00-21:00; Вс: 10:00-21:00,+05:00,4.8,416,87717776020,,,sin.city.astana01@gmail.com,http://barbershop-sin-city.business.site/?_target?m=true,http://zapis.kz/sin-city,https://instagram.com/sin_city_astana,,,https://wa.me/77717776020,,,,,,51.14879,71.468904,https://2gis.com/firm/70000001032545401
EL Clasico,барбершоп,Барбершопы,"улица Кенесары, 47а",,,,Байконыр район,Астана,,Астана,Казахстан,Пн: 10:00-24:00; Вт: 10:00-24:00; Ср: 10:00-24:00; Чт: 10:00-24:00; Пт: 10:00-24:00; Сб: 10:00-24:00; Вс: 10:00-24:00,+05:00,4.9,136,87081257351,87713851750,,,,,https://instagram.com/el.clasico.astana,,,https://wa.me/77081148054,,,,,,51.166609,71.430152,https://2gis.com/firm/70000001062594885
Urban,барбершоп,Барбершопы,"улица Розы Баглановой, 4",,,,Нура район,Астана,,Астана,Казахстан,Пн: 10:00-21:15; Вт: 10:00-21:15; Ср: 10:00-21:15; Чт: 10:00-21:15; Пт: 10:00-21:15; Сб: 10:00-21:15; Вс: 10:00-21:15,+05:00,4.8,953,87056029562,,,,http://n734206.alteg.io/company/691938/personal/menu?o=m-1,,https://instagram.com/urban_sezimqala,,,https://wa.me/77056029562,,,,,,51.116305,71.394979,https://2gis.com/firm/70000001059240442
Crystal,барбершоп,Барбершопы,"проспект Республики, 6",цокольный этаж,,,Байконыр район,Астана,,Астана,Казахстан,Пн: 10:00-19:00; Вт: 10:00-19:00; Ср: 10:00-19:00; Чт: 10:00-19:00; Пт: 10:00-19:00; Сб: 10:00-19:00; Вс: 10:00-19:00,+05:00,4.9,237,87056771762,,,,http://zapis.kz/crystal,,https://instagram.com/barbershop_crystal,,,https://wa.me/77056771762,,,,,,51.158419,71.430035,https://2gis.com/firm/70000001079850954
Old school,,Барбершопы,"Кабанбай батыр проспект, 49а",,,,Нура район,Астана,,Астана,Казахстан,Пн: 10:00-22:00; Вт: 10:00-22:00; Ср: 10:00-22:00; Чт: 10:00-22:00; Пт: 10:00-22:00; Сб: 10:00-22:00; Вс: 10:00-22:00,+05:00,4.9,446,87054839513,,,,http://n961821.alteg.io/company/568593/personal/select-services?o=,,https://instagram.com/oldschool.barbershop.astana,,,https://wa.me/77054839513,,,,,,51.100893,71.405494,https://2gis.com/firm/70000001057066156
Denchik_barber,,Барбершопы,"улица Кенесары, 4",2 этаж; слева от Империя меха,,,Сарыарка район,Астана,,Астана,Казахстан,Ср: 10:00-21:00; Чт: 10:00-21:00; Пт: 10:00-21:00; Сб: 10:00-21:00; Вс: 10:00-21:00,+05:00,5.0,84,87764132613,,,denis550i@yandex.ru,http://widget.easyweek.io/staromodnyy/team/62199/56566,,https://instagram.com/denchik_barber,,,https://wa.me/77764132613,,,,https://t.me/+77764132613,,51.161646,71.400522,https://2gis.com/firm/70000001082988952
Nineteen,барбершоп,Барбершопы,"улица Каныш Сатпаев, 19/1",,,,Алматы район,Астана,,Астана,Казахстан,Пн: 10:00-22:00; Вт: 10:00-22:00; Ср: 10:00-22:00; Чт: 10:00-22:00; Пт: 10:00-22:00; Сб: 10:00-22:00; Вс: 10:00-22:00,+05:00,5.0,69,87084862937,,,,http://n1166172.alteg.io,,https://instagram.com/nineteen__astana,,,https://wa.me/77084862937,,,,,,51.143305,71.472399,https://2gis.com/firm/70000001104301828
Office 6,барбершоп,Барбершопы,"улица Алихан Бокейхан, 42",,,,Есиль район,Астана,,Астана,Казахстан,Пн: 10:00-21:00; Вт: 10:00-21:00; Ср: 10:00-21:00; Чт: 10:00-21:00; Пт: 10:00-21:00; Сб: 10:00-21:00; Вс: 10:00-21:00,+05:00,4.6,179,87020946866,,,,,,https://instagram.com/office6bs,,,https://wa.me/77020946866,,,,,,51.088789,71.427336,https://2gis.com/firm/70000001076138668
Barbershop_sezar,,Барбершопы,"Мирный переулок, 4а",,,Целинный м-н,Байконыр район,Астана,,Астана,Казахстан,Пн: 10:00-22:00; Вт: 10:00-22:00; Ср: 10:00-22:00; Чт: 10:00-22:00; Пт: 10:00-22:00; Сб: 10:00-22:00; Вс: 10:00-22:00,+05:00,4.9,128,87470305468,,,,,,https://instagram.com/sezar_barbershop,,,https://wa.me/77470305468,,,,,,51.16027,71.461365,https://2gis.com/firm/70000001092774000
Әли,барбершоп,Барбершопы,"Е-67 улица, 8",,,,Нура район,Астана,,Астана,Казахстан,Пн: 10:00-23:00; Вт: 10:00-23:00; Ср: 10:00-23:00; Чт: 10:00-23:00; Пт: 10:00-23:00; Сб: 10:00-23:00; Вс: 10:00-23:00,+05:00,5.0,172,87781710386,,,,,,,,,https://wa.me/77781710386,,,,,,51.125712,71.398294,https://2gis.com/firm/70000001099976364
Ozger,барбершоп,Барбершопы; Обучение мастеров для салонов красоты,"улица Каныш Сатпаев, 20/1",1 этаж,,Қараөткел ж/м,Алматы район,Астана,,Астана,Казахстан,Пн: 10:00-21:00; Вт: 10:00-21:00; Ср: 10:00-21:00; Чт: 10:00-21:00; Пт: 10:00-21:00; Сб: 10:00-21:00; Вс: 10:00-21:00 (по предварительной записи),+05:00,5.0,1128,87070616901,,,,http://n833577.alteg.io,,https://instagram.com/ozgege_uqsamaisyn,,https://vk.com/id839021325,https://wa.me/77070616901,,,,https://t.me/77470481571,,51.140658,71.476691,https://2gis.com/firm/70000001045286501
Logovo,,Барбершопы,"проспект Мангилик Ел, 51/2",цокольный этаж,,,Есиль район,Астана,,Астана,Казахстан,Пн: 10:00-22:00; Вт: 10:00-22:00; Ср: 10:00-22:00; Чт: 10:00-22:00; Пт: 10:00-22:00; Сб: 10:00-22:00; Вс: 10:00-22:00,+05:00,4.9,2446,87003968940,,,d-kz@mail.ru,http://taplink.cc/logovo,,https://instagram.com/barbershop.logovo,,,https://wa.me/77003968940,,,,,,51.095355,71.423504,https://2gis.com/firm/70000001061804531
Logovo,,Барбершопы,"проспект Туран, 50/2",,,,Нура район,Астана,,Астана,Казахстан,Пн: 10:00-22:00; Вт: 10:00-22:00; Ср: 10:00-22:00; Чт: 10:00-22:00; Пт: 10:00-22:00; Сб: 10:00-22:00; Вс: 10:00-22:00,+05:00,4.9,1153,87712733670,,,d-kz@mail.ru,http://taplink.cc/logovo,,https://instagram.com/barbershop.logovo,,,https://wa.me/77712733670,,,,,,51.105957,71.400537,https://2gis.com/firm/70000001087661106
Logovo,,Барбершопы,"улица Толе би, 44/1",НП: 25,,,Нура район,Астана,,Астана,Казахстан,Пн: 10:00-22:00; Вт: 10:00-22:00; Ср: 10:00-22:00; Чт: 10:00-22:00; Пт: 10:00-22:00; Сб: 10:00-22:00; Вс: 10:00-22:00,+05:00,4.9,540,87715610605,,,d-kz@mail.ru,http://taplink.cc/logovo,,https://instagram.com/barbershop.logovo,,,https://wa.me/77715610605,,,,,,51.121703,71.395721,https://2gis.com/firm/70000001094361274
Logovo,,Барбершопы,"улица Ахмет Байтурсынулы, 39/3",цокольный этаж,,,Сарайшык район,Астана,,Астана,Казахстан,Пн: 10:00-02:00; Вт: 10:00-02:00; Ср: 10:00-02:00; Чт: 10:00-02:00; Пт: 10:00-02:00; Сб: 10:00-02:00; Вс: 10:00-02:00,+05:00,4.9,806,87052977697,,,d-kz@mail.ru,http://taplink.cc/logovo,,https://instagram.com/barbershop.logovo,,,https://wa.me/77052977697,,,,,,51.119723,71.502256,https://2gis.com/firm/70000001081194839
Chop-Chop,,Барбершопы,"улица Александр Бараев, 21",,,,Байконыр район,Астана,,Астана,Казахстан,Пн: 10:00-21:00; Вт: 10:00-21:00; Ср: 10:00-21:00; Чт: 10:00-21:00; Пт: 10:00-21:00; Сб: 10:00-21:00; Вс: 10:00-21:00,+05:00,4.9,592,87762293750,,,,,,https://instagram.com/chopchopastana,https://facebook.com/chopchopastana,,https://wa.me/77762293750,,,,,,51.158728,71.436716,https://2gis.com/firm/70000001018121595
Alfa Gentlemen,мужской салон,Барбершопы; Косметолог,"проспект Мангилик Ел, 52 блок B1",,,,Есиль район,Астана,,Астана,Казахстан,Пн: 10:00-22:00; Вт: 10:00-22:00; Ср: 10:00-22:00; Чт: 10:00-22:00; Пт: 10:00-22:00; Сб: 10:00-22:00; Вс: 10:00-22:00,+05:00,4.8,187,87012232231,87172223223,,,http://alfagentlemen.kz,,https://instagram.com/alfagentlemen,,,https://wa.me/77012232231,,,,,,51.092233,71.426481,https://2gis.com/firm/70000001033156317
CROP Barbershop,,Барбершопы; Обучение мастеров для салонов красоты,"Керей, Жанибек хандар улица, 12/1",,,,Есиль район,Астана,,Астана,Казахстан,Пн: 09:59-21:00; Вт: 09:59-21:00; Ср: 09:59-21:00; Чт: 09:59-21:00; Пт: 09:59-21:00; Сб: 09:59-21:00; Вс: 09:59-21:00,+05:00,5.0,1572,87710007087,,,,http://crop-online.kz,,https://instagram.com/crop.barbershop,,,https://wa.me/77710007087,,,,,,51.114644,71.414443,https://2gis.com/firm/70000001044610450
CROP Barbershop,,Барбершопы; Обучение мастеров для салонов красоты,"улица Жумекен Нажимеденов, 20",,,,Сарайшык район,Астана,,Астана,Казахстан,Пн: 10:00-21:00; Вт: 10:00-21:00; Ср: 10:00-21:00; Чт: 10:00-21:00; Пт: 10:00-21:00; Сб: 10:00-21:00; Вс: 10:00-21:00,+05:00,4.9,547,87761039955,,,,http://crop-online.kz,,https://instagram.com/crop.barbershop,,,https://wa.me/77761039955,,,,https://t.me/+77761039955,,51.117624,71.481237,https://2gis.com/firm/70000001082013785
Бравый,барбершоп,Барбершопы,"Амангельды Иманова улица, 7",,,,Байконыр район,Астана,,Астана,Казахстан,Пн: 10:00-22:00; Вт: 10:00-22:00; Ср: 10:00-22:00; Чт: 10:00-22:00; Пт: 10:00-22:00; Сб: 10:00-22:00; Вс: 10:00-22:00,+05:00,4.8,370,87012332366,,,,http://n268548.alteg.io/,,https://instagram.com/bravyi_astana,,,https://wa.me/77012332366,,,,,,51.163879,71.433194,https://2gis.com/firm/70000001077286792
Chop-Chop,,Барбершопы,"улица Динмухамед Конаев, 2",1 этаж,,,Есиль район,Астана,,Астана,Казахстан,Пн: 10:00-21:00; Вт: 10:00-21:00; Ср: 10:00-21:00; Чт: 10:00-21:00; Пт: 10:00-21:00; Сб: 10:00-21:00; Вс: 10:00-21:00,+05:00,4.8,455,87773630044 (единый номер: пн-вс 10:00-21:00),,,,,,https://instagram.com/chopchopastana,https://facebook.com/chopchopastana,,https://wa.me/77762293750,,,,,,51.131177,71.418298,https://2gis.com/firm/70000001028512116
Logovo,,Барбершопы,"улица Алматы, 13",,,,Есиль район,Астана,,Астана,Казахстан,Пн: 10:00-21:00; Вт: 10:00-21:00; Ср: 10:00-21:00; Чт: 10:00-21:00; Пт: 10:00-21:00; Сб: 10:00-21:00; Вс: 10:00-21:00,+05:00,4.9,298,87716304800,,,d-kz@mail.ru,http://taplink.cc/logovo,,https://instagram.com/barbershop.logovo,,,https://wa.me/77716304800,,,,,,51.11611,71.432019,https://2gis.com/firm/70000001094612790
CROP Barbershop,,Барбершопы; Обучение мастеров для салонов красоты,"улица Орынбор, 12 Блок 2",,,,Нура район,Астана,,Астана,Казахстан,Пн: 09:59-21:00; Вт: 09:59-21:00; Ср: 09:59-21:00; Чт: 09:59-21:00; Пт: 09:59-21:00; Сб: 09:59-21:00; Вс: 09:59-21:00,+05:00,4.9,878,87754506315,,,,http://crop-online.kz,,https://instagram.com/crop.barbershop,,,https://wa.me/77754506315,,,,,,51.111956,71.406888,https://2gis.com/firm/70000001086971792
Logovo,,Барбершопы,"улица Жошы хан, 1",,,,Есиль район,Астана,,Астана,Казахстан,Пн: 10:00-22:00; Вт: 10:00-22:00; Ср: 10:00-22:00; Чт: 10:00-22:00; Пт: 10:00-22:00; Сб: 10:00-22:00; Вс: 10:00-22:00,+05:00,4.8,328,87763968940,,,d-kz@mail.ru,http://taplink.cc/logovo,,https://instagram.com/barbershop.logovo,,,https://wa.me/77763968940,,,,,,51.096203,71.436396,https://2gis.com/firm/70000001095829903
Peaky,барбершоп,Барбершопы,"улица Сарайшык, 34",ВП: 3,,,Есиль район,Астана,,Астана,Казахстан,Пн: 10:00-21:00; Вт: 10:00-21:00; Ср: 10:00-21:00; Чт: 10:00-21:00; Пт: 10:00-21:00; Сб: 10:00-21:00; Вс: 10:00-21:00,+05:00,5.0,784,87006300000,,,,http://b765689.alteg.io/select-city/73/select-branch,,https://instagram.com/peaky_barbershop,,,https://wa.me/77006300000,,,,,,51.131865,71.429143,https://2gis.com/firm/70000001025154321
Machete,барбершоп,Барбершопы,"улица Жанибека тархана, 2/6",1 этаж,,,Байконыр район,Астана,,Астана,Казахстан,Пн: 10:00-21:00; Вт: 10:00-21:00; Ср: 10:00-21:00; Чт: 10:00-21:00; Пт: 10:00-21:00; Сб: 10:00-21:00; Вс: 10:00-21:00,+05:00,4.6,358,87079526992 (администратор),,,,,,https://instagram.com/machete.astana,https://facebook.com/profile.php?id=100073313341106,,https://wa.me/77079526992,,,,,,51.159748,71.442409,https://2gis.com/firm/70000001045832917
Taq,барбершоп,Барбершопы,"Кабанбай батыр проспект, 48а",,,,Есиль район,Астана,,Астана,Казахстан,"Пн: 10:00-21:00; Вт: 10:00-21:00; Ср: 10:00-21:00; Чт: 10:00-21:00; Пт: 10:00-13:00, 14:00-21:00; Сб: 10:00-21:00; Вс: 10:00-21:00",+05:00,5.0,275,87756034222,,,,http://n1365001.alteg.io/,,https://instagram.com/taq.barbershop,,,https://wa.me/77756034222,,,,,,51.112252,71.411648,https://2gis.com/firm/70000001100857247
CROP Barber academy,,Барбершопы,"улица Ахмет Байтурсынулы, 6",,,,Сарайшык район,Астана,,Астана,Казахстан,Пн: 10:00-21:00; Вт: 10:00-21:00; Ср: 10:00-21:00; Чт: 10:00-21:00; Пт: 10:00-21:00; Сб: 10:00-21:00; Вс: 10:00-21:00,+05:00,4.9,363,87711816919,,,,http://n1331898.alteg.io,,https://instagram.com/crop.barbershop,,,https://wa.me/77711816919,,,,https://t.me/+77711816919,,51.120596,71.488977,https://2gis.com/firm/70000001095718063
CROP Barbershop,,Барбершопы; Обучение мастеров для салонов красоты,"проспект Туран, 34а",,,,Нура район,Астана,,Астана,Казахстан,Пн: 09:59-21:00; Вт: 09:59-21:00; Ср: 09:59-21:00; Чт: 09:59-21:00; Пт: 09:59-21:00; Сб: 09:59-21:00; Вс: 09:59-21:00,+05:00,4.9,605,87075605624,,,,http://crop-online.kz,,https://instagram.com/crop.barbershop,,,https://wa.me/77075605624,,,,,,51.121888,71.404084,https://2gis.com/firm/70000001088838282
Logovo,,Барбершопы,"улица Кенесары, 17",1 этаж,,,Сарыарка район,Астана,,Астана,Казахстан,Пн: 10:00-22:00; Вт: 10:00-22:00; Ср: 10:00-22:00; Чт: 10:00-22:00; Пт: 10:00-22:00; Сб: 10:00-22:00; Вс: 10:00-22:00,+05:00,4.9,1000,87773968980,,,d-kz@mail.ru,http://taplink.cc/logovo,,https://instagram.com/barbershop.logovo,,,https://wa.me/77773968980,,,,,,51.163665,71.411765,https://2gis.com/firm/70000001083998231
OSME,,Барбершопы; Обучение мастеров для салонов красоты,"улица Абикен Бектуров, 1/2",,,,Нура район,Астана,,Астана,Казахстан,Пн: 10:00-21:00; Вт: 10:00-21:00; Ср: 10:00-21:00; Чт: 10:00-21:00; Пт: 10:00-21:00; Сб: 10:00-21:00; Вс: 10:00-21:00,+05:00,4.9,200,87005505030,,,,,,https://instagram.com/osme.barbershop,,,https://wa.me/77005505030,,,,,,51.129663,71.396783,https://2gis.com/firm/70000001048667546
Logovo,,Барбершопы,"улица Ахмет Байтурсынулы, 47",1 этаж,,,Сарайшык район,Астана,,Астана,Казахстан,Пн: 10:00-22:00; Вт: 10:00-22:00; Ср: 10:00-22:00; Чт: 10:00-22:00; Пт: 10:00-22:00; Сб: 10:00-22:00; Вс: 10:00-22:00,+05:00,4.9,1607,87711837701,,,d-kz@mail.ru,http://taplink.cc/logovo,,https://instagram.com/barbershop.logovo,,,https://wa.me/77711837701,,,,,,51.118237,71.51192,https://2gis.com/firm/70000001070513863
Ozger,барбершоп,Барбершопы; Обучение мастеров для салонов красоты,"проспект Ракымжан Кошкарбаев, 34",,,,Сарайшык район,Астана,,Астана,Казахстан,Пн: 10:00-22:00; Вт: 10:00-22:00; Ср: 10:00-22:00; Чт: 10:00-22:00; Пт: 10:00-22:00; Сб: 10:00-22:00; Вс: 10:00-22:00 (по предварительной записи),+05:00,4.9,438,87000216901,,,,http://n833577.alteg.io,,https://instagram.com/ozgege_uqsamaisyn,,https://vk.com/id839021325,https://wa.me/77000216901,,,,https://t.me/77470481571,,51.125117,71.483443,https://2gis.com/firm/70000001076596141
Бравый,барбершоп,Барбершопы,"проспект Туран, 59/2 блок B",1 этаж,,,Нура район,Астана,,Астана,Казахстан,Пн: 10:00-22:00; Вт: 10:00-22:00; Ср: 10:00-22:00; Чт: 10:00-22:00; Пт: 10:00-22:00; Сб: 10:00-22:00; Вс: 10:00-22:00,+05:00,4.8,282,87023331121,,,,http://n268548.alteg.io/,,https://instagram.com/bravyi_astana,,,https://wa.me/77023331121,,,,,,51.101721,71.393495,https://2gis.com/firm/70000001090585407
Logovo,,Барбершопы,"улица Бейбитшилик, 29",,,,Сарыарка район,Астана,,Астана,Казахстан,Пн: 10:00-22:00; Вт: 10:00-22:00; Ср: 10:00-22:00; Чт: 10:00-22:00; Пт: 10:00-22:00; Сб: 10:00-22:00; Вс: 10:00-22:00,+05:00,4.9,578,87773968927,,,d-kz@mail.ru,http://taplink.cc/logovo,,https://instagram.com/barbershop.logovo,,,https://wa.me/77773968927,,,,,,51.174216,71.418616,https://2gis.com/firm/70000001093750065
Aitmen,барбершоп,Барбершопы,"улица Туркестан, 10",внутри паркинга,,,Есиль район,Астана,,Астана,Казахстан,Пн: 10:00-22:00; Вт: 10:00-22:00; Ср: 10:00-22:00; Чт: 10:00-22:00; Пт: 10:00-22:00; Сб: 10:00-22:00; Вс: 10:00-22:00,+05:00,5.0,740,87718748142,87172923580,,support@aitmen.kz,http://zapis.kz/barbershop-aitmen,,https://instagram.com/aitmen_barbershop,,,https://wa.me/77718748142,,,,,,51.110759,71.42602,https://2gis.com/firm/70000001100414104
OldBoy,барбершоп,Барбершопы,"улица Динмухамед Конаев, 10",7 бутик; 1 этаж,,,Есиль район,Астана,,Астана,Казахстан,Пн: 10:00-21:00; Вт: 10:00-21:00; Ср: 10:00-21:00; Чт: 10:00-21:00; Пт: 10:00-21:00; Сб: 10:00-21:00; Вс: 10:00-21:00,+05:00,4.9,325,87000203680,,,oldboy.astana@gmail.com,http://oldboybarbershop.com/astana/izumrud,,https://instagram.com/oldboy_astana,,,https://wa.me/77000203680,,,,,,51.131096,71.423854,https://2gis.com/firm/70000001034808555
Brutality,,Барбершопы,"проспект Мангилик Ел, 26",1 этаж,,,Есиль район,Астана,,Астана,Казахстан,Пн: 10:00-21:00; Вт: 10:00-21:00; Ср: 10:00-21:00; Чт: 10:00-21:00; Пт: 10:00-21:00; Сб: 10:00-21:00; Вс: 10:00-21:00,+05:00,4.9,355,87018015777,,,,http://zapis.kz/brutality-barbershop,,https://instagram.com/brutality.barbershop,,,https://wa.me/77018015777,,,,,,51.114039,71.434399,https://2gis.com/firm/70000001055718833
No Cap barber studio,,Барбершопы,"Кабанбай батыр проспект, 13",,,,Нура район,Астана,,Астана,Казахстан,Пн: 10:00-21:00; Вт: 10:00-21:00; Ср: 10:00-21:00; Чт: 10:00-21:00; Пт: 10:00-21:00; Сб: 10:00-21:00; Вс: 10:00-21:00,+05:00,5.0,269,87070621562,,,,http://n1357652.alteg.io,,https://instagram.com/nocap.barberstudio,,,https://wa.me/77070621562,,,,,,51.137412,71.415267,https://2gis.com/firm/70000001098637940
Traditional Barbershop,,Барбершопы,"проспект Мангилик Ел, 41/2",,,,Есиль район,Астана,,Астана,Казахстан,Пн: 10:00-21:00; Вт: 10:00-21:00; Ср: 10:00-21:00; Чт: 10:00-21:00; Пт: 10:00-21:00; Сб: 10:00-21:00; Вс: 10:00-21:00,+05:00,4.8,409,87475678866,,,,,,https://instagram.com/traditionalbarbershop.kz,,,https://wa.me/77475678866,,,,,,51.100799,71.427551,https://2gis.com/firm/70000001036483273
Line Up,барбершоп,Барбершопы,"Бухар жырау улица, 40",7 офис,,,Есиль район,Астана,,Астана,Казахстан,Пн: 09:00-22:00; Вт: 09:00-22:00; Ср: 09:00-22:00; Чт: 09:00-22:00; Пт: 09:00-22:00; Сб: 09:00-22:00; Вс: 09:00-22:00,+05:00,4.9,205,87711184107,,,,http://n1321684.alteg.io,,https://instagram.com/line.up.ast,,,https://wa.me/77711184107,,,,https://t.me/+77711184107,,51.096436,71.447259,https://2gis.com/firm/70000001034709492
Gala,барбершоп,Барбершопы,"улица Анет баба, 9/1а",,,,Нура район,Астана,,Астана,Казахстан,Пн: 10:00-21:00; Вт: 10:00-21:00; Ср: 10:00-21:00; Чт: 10:00-21:00; Пт: 10:00-21:00; Сб: 10:00-21:00; Вс: 10:00-21:00,+05:00,4.8,79,87756344159,,,,,,,,,https://wa.me/77756344159,,,,,,51.136327,71.38423,https://2gis.com/firm/70000001101423942
313,барбершоп,Барбершопы,"улица Касыма Аманжолова, 28/2",,,,Сарайшык район,Астана,,Астана,Казахстан,Пн: 10:00-23:00; Вт: 10:00-23:00; Ср: 10:00-23:00; Чт: 10:00-23:00; Пт: 10:00-23:00; Сб: 10:00-23:00; Вс: 10:00-23:00,+05:00,4.9,392,87089244818,,,,http://zapis.kz/313-barbershop,,https://instagram.com/313_barbershop,,,https://wa.me/77089244818,,,,,,51.122592,71.476007,https://2gis.com/firm/70000001089169242
Cut,,Барбершопы,"улица Сыганак, 37",,,,Есиль район,Астана,,Астана,Казахстан,Пн: 11:00-21:00; Вт: 11:00-21:00; Ср: 11:00-21:00; Чт: 11:00-21:00; Пт: 11:00-21:00; Сб: 11:00-21:00; Вс: 11:00-21:00 (по предварительной записи),+05:00,5.0,47,87005354353,,,,http://dikidi.ru/1795421,,,,,https://wa.me/77005354353,,,,,,51.124329,71.424585,https://2gis.com/firm/70000001098517113
Khair.barbershop,,Барбершопы,"проспект Тауелсиздик, 6",107 кабинет; 1 этаж,,1 м-н,Алматы район,Астана,,Астана,Казахстан,Пн: 10:00-21:00; Вт: 10:00-21:00; Ср: 10:00-21:00; Чт: 10:00-21:00; Пт: 10:00-21:00; Сб: 10:00-21:00; Вс: 10:00-21:00,+05:00,5.0,562,87020002638,,,,http://zapis.kz/khair-barbershop,http://www.tiktok.com/@khair.barbershop,https://instagram.com/khair.barbershop,,,https://wa.me/77020002638,,,,,,51.150153,71.457831,https://2gis.com/firm/70000001082771751
Lucky style,,Барбершопы; Тату-салоны,"Кабанбай батыр проспект, 7/1",1 этаж,,,Нура район,Астана,,Астана,Казахстан,Пн: 11:00-21:00; Вт: 11:00-21:00; Ср: 11:00-21:00; Чт: 11:00-21:00; Пт: 11:00-21:00; Сб: 11:00-21:00; Вс: 11:00-21:00 (по предварительной записи),+05:00,4.9,337,87477721015,,,,http://n768540.alteg.io/,,https://instagram.com/luckystylestudio,,,https://wa.me/77477721015,,,,https://t.me/luckystyles,,51.143434,71.416784,https://2gis.com/firm/70000001059248753
CROP Barbershop,,Барбершопы; Обучение мастеров для салонов красоты,"улица Санжара Асфендиярова, 8",,,,Нура район,Астана,,Астана,Казахстан,Пн: 10:00-21:00; Вт: 10:00-21:00; Ср: 10:00-21:00; Чт: 10:00-21:00; Пт: 10:00-21:00; Сб: 10:00-21:00; Вс: 10:00-21:00,+05:00,4.9,376,87018968382,,,,http://crop-online.kz,,https://instagram.com/crop.barbershop,,,https://wa.me/77018968382,,,,,,51.134503,71.381632,https://2gis.com/firm/70000001096899128
Peaky,барбершоп,Барбершопы,"проспект Тауелсиздик, 21/2",,,,Алматы район,Астана,,Астана,Казахстан,Пн: 10:00-21:00; Вт: 10:00-21:00; Ср: 10:00-21:00; Чт: 10:00-21:00; Пт: 10:00-21:00; Сб: 10:00-21:00; Вс: 10:00-21:00,+05:00,4.9,724,87087213003,,,,http://b765689.alteg.io/company/719365/menu?o=,,https://instagram.com/peaky_barbershop,,,https://wa.me/77087213003,,,,,,51.145621,71.45863,https://2gis.com/firm/70000001062022042
Winchester,барбершоп,Барбершопы,"Кабанбай батыр проспект, 18",,,,Есиль район,Астана,,Астана,Казахстан,Пн: 10:00-21:00; Вт: 10:00-21:00; Ср: 10:00-21:00; Чт: 10:00-21:00; Пт: 10:00-21:00; Сб: 10:00-21:00; Вс: 10:00-21:00,+05:00,4.9,814,87005050503,,,,http://n123531.alteg.io,,https://instagram.com/barbershop.winchester,,,https://wa.me/77005050503,,,,https://t.me/+77005050503,,51.140675,71.418989,https://2gis.com/firm/70000001038239111
Barber Academy,барбершоп и профессиональный учебный центр,Барбершопы; Обучение мастеров для салонов красоты,"проспект Улы Дала, 45/1",,,,Есиль район,Астана,,Астана,Казахстан,Пн: 10:00-22:00; Вт: 10:00-22:00; Ср: 10:00-22:00; Чт: 10:00-22:00; Пт: 10:00-22:00; Сб: 10:00-22:00; Вс: 10:00-22:00,+05:00,4.8,592,87786926844,87172729655,,,http://maps.app.goo.gl/4AvftXUqCQQYGhcZ8,,https://instagram.com/barber_academy.kz,,,https://wa.me/77786926844,,,,,,51.097817,71.421462,https://2gis.com/firm/70000001031366540
Urban,барбершоп,Барбершопы,"улица Калибек Куанышбаев, 11/1",,,,Сарайшык район,Астана,,Астана,Казахстан,Пн: 10:00-21:00; Вт: 10:00-21:00; Ср: 10:00-21:00; Чт: 10:00-21:00; Пт: 10:00-21:00; Сб: 10:00-21:00; Вс: 10:00-21:00,+05:00,4.9,844,87055115776,,,,http://n744700.alteg.io/select-city/73/select-branch?o=,,,,,https://wa.me/77055115776,,,,,,51.121641,71.476623,https://2gis.com/firm/70000001059830184
Aitmen,барбершоп,Барбершопы,"проспект Тауелсиздик, 56/1",,,,Сарайшык район,Астана,,Астана,Казахстан,Пн: 10:00-22:00; Вт: 10:00-22:00; Ср: 10:00-22:00; Чт: 10:00-22:00; Пт: 10:00-22:00; Сб: 10:00-22:00; Вс: 10:00-22:00,+05:00,5.0,417,87768418737,,,support@aitmen.kz,http://zapis.kz/barbershop-aitmen,,https://instagram.com/aitmen_barbershop,,,https://wa.me/77768418737,,,,,,51.116355,71.466849,https://2gis.com/firm/70000001100095272
4Bro,барбершоп,Барбершопы; Обучение мастеров для салонов красоты,"проспект Улы Дала, 57",,,,Есиль район,Астана,,Астана,Казахстан,Пн: 11:00-21:00; Вт: 11:00-21:00; Ср: 11:00-21:00; Чт: 11:00-21:00; Пт: 11:00-21:00; Сб: 11:00-21:00; Вс: 11:00-21:00,+05:00,5.0,433,87760100400,,,,http://n530629.alteg.io,,https://instagram.com/barbershop.4bro,,,https://wa.me/77760100400,,,,,,51.094476,71.437355,https://2gis.com/firm/70000001036385024
Snob,,Барбершопы,"проспект Ракымжан Кошкарбаев, 48",цокольный этаж,,,Сарайшык район,Астана,,Астана,Казахстан,Пн: 10:00-21:00; Вт: 10:00-21:00; Ср: 10:00-21:00; Чт: 10:00-21:00; Пт: 10:00-21:00; Сб: 10:00-21:00; Вс: 10:00-21:00,+05:00,4.9,246,87051683379,,,,http://zapis.kz/salon/7319,,https://instagram.com/snob.astana,,,https://wa.me/77051683379,,,,,,51.128178,71.495747,https://2gis.com/firm/70000001069031801
TTM,барбершоп,Барбершопы,"улица Малика Габдуллина, 16",,,,Байконыр район,Астана,,Астана,Казахстан,Пн: 09:00-22:00; Вт: 09:00-22:00; Ср: 09:00-22:00; Чт: 09:00-22:00; Пт: 09:00-22:00; Сб: 09:00-22:00; Вс: 09:00-22:00,+05:00,4.9,273,87757077648,,,,,,https://instagram.com/ttmbarbershop2024,,,https://wa.me/77757077648,,,,,,51.164775,71.432112,https://2gis.com/firm/70000001084173113
True Barbershop,барбершоп,Барбершопы,"улица Кайым Мухамедханов, 4/1",,,,Нура район,Астана,,Астана,Казахстан,Пн: 10:00-21:00; Вт: 10:00-21:00; Ср: 10:00-21:00; Чт: 10:00-21:00; Пт: 10:00-21:00; Сб: 10:00-21:00; Вс: 10:00-21:00,+05:00,5.0,246,87056220205,,,,http://zapis.kz/salon/9755,,https://instagram.com/true.barbershop.astana,,,https://wa.me/77056220205,,,,,,51.135752,71.400671,https://2gis.com/firm/70000001084118799
Khanzada Barbershop,,Барбершопы,"Бухар жырау улица, 28",,,,Есиль район,Астана,,Астана,Казахстан,Пн: 10:00-21:00; Вт: 10:00-21:00; Ср: 10:00-21:00; Чт: 10:00-21:00; Пт: 10:00-21:00; Сб: 10:00-21:00; Вс: 10:00-21:00,+05:00,4.9,436,87767244477,,,,,,https://instagram.com/khanzada_barbershop,,,https://wa.me/77767244477,,,,,,51.101271,71.415541,https://2gis.com/firm/70000001065398225
Urban,барбершоп,Барбершопы,"улица Сыганак, 33",1 этаж,,,Есиль район,Астана,,Астана,Казахстан,Пн: 10:00-21:00; Вт: 10:00-21:00; Ср: 10:00-21:00; Чт: 10:00-21:00; Пт: 10:00-21:00; Сб: 10:00-21:00; Вс: 10:00-21:00,+05:00,4.8,369,87474078916,,,,http://n832138.alteg.io/company/780949/personal/menu?o=,,https://instagram.com/urban_keruen,,,https://wa.me/77474078916,,,,,,51.124736,71.422639,https://2gis.com/firm/70000001081682616
Berloga Premium,барбершоп,Барбершопы; Обучение мастеров для салонов красоты,"улица Е 900, 4",,,,Нура район,Астана,,Астана,Казахстан,Пн: 11:00-22:00; Вт: 10:00-22:00; Ср: 10:00-22:00; Чт: 10:00-22:00; Пт: 10:00-22:00; Сб: 10:00-22:00; Вс: 10:00-22:00,+05:00,4.9,50,87085001011,,,berloga.nursultan@gmail.com,,,https://instagram.com/berloga.astana,,,https://wa.me/77085001011,,,,,,51.13366,71.393924,https://2gis.com/firm/70000001102591723
Logovo,,Барбершопы,"улица Кайым Мухамедханов, 20",,,,Нура район,Астана,,Астана,Казахстан,Пн: 10:00-22:00; Вт: 10:00-22:00; Ср: 10:00-22:00; Чт: 10:00-22:00; Пт: 10:00-22:00; Сб: 10:00-22:00; Вс: 10:00-22:00,+05:00,4.9,472,87773968952,,,d-kz@mail.ru,http://taplink.cc/logovo,,https://instagram.com/barbershop.logovo,,,https://wa.me/77773968952,,,,,,51.142751,71.366339,https://2gis.com/firm/70000001093571771
Myrza,,Барбершопы,"улица Сыганак, 54",,,,Есиль район,Астана,,Астана,Казахстан,"Пн: 10:00-14:00, 15:00-22:00; Вт: 10:00-14:00, 15:00-22:00; Ср: 10:00-14:00, 15:00-22:00; Чт: 10:00-14:00, 15:00-22:00; Пт: 10:00-14:00, 15:00-22:00; Сб: 10:00-14:00, 15:00-22:00; Вс: 10:00-14:00, 15:00-22:00",+05:00,5.0,214,87071335055,,,,http://dikidi.net/629033,,https://instagram.com/barbershop_number1,,,https://wa.me/77071335055,,,,,,51.124021,71.420934,https://2gis.com/firm/70000001095354444
AKO,барбершоп,Барбершопы; Обучение мастеров для салонов красоты,"улица Максут Нарикбаев, 22",около мини-маркет Lemon,,,Нура район,Астана,,Астана,Казахстан,Пн: 10:00-22:00; Вт: 10:00-22:00; Ср: 10:00-22:00; Чт: 10:00-22:00; Пт: 10:00-22:00; Сб: 10:00-22:00; Вс: 10:00-22:00,+05:00,5.0,153,87020545264 (админстратор),87718247303 (руководитель),,,http://n824009.alteg.io,,https://instagram.com/ako.barberr,,,https://wa.me/77020545264,,,,,,51.145765,71.383623,https://2gis.com/firm/70000001076061899
Bake,барбершоп,Барбершопы,"улица Сыганак, 52",,,,Есиль район,Астана,,Астана,Казахстан,Пн: 10:00-22:00; Вт: 10:00-22:00; Ср: 10:00-22:00; Чт: 10:00-22:00; Пт: 10:00-22:00; Сб: 10:00-22:00; Вс: 10:00-22:00,+05:00,5.0,31,87788716600,,,,,,https://instagram.com/bake52bake,,,https://wa.me/77788716600,,,,,,51.12424,71.415753,https://2gis.com/firm/70000001103864700
Bars,барбершоп,Барбершопы,"переулок Жайдарман, 1",,,Юго-Восток (правая сторона) ж/м,Алматы район,Астана,,Астана,Казахстан,Пн: 10:00-22:00; Вт: 10:00-22:00; Ср: 10:00-22:00; Чт: 10:00-22:00; Пт: 10:00-22:00; Сб: 10:00-22:00; Вс: 10:00-22:00 (по предварительной записи),+05:00,4.9,315,87079641323,,,,http://tiktok.com/@bars_barbershop,,https://instagram.com/bars_barbershop,,,https://wa.me/77079641323,,,,,,51.136272,71.469843,https://2gis.com/firm/70000001102232953
Central,барбершоп,Барбершопы,"улица Сыганак, 47",1 этаж,,,Есиль район,Астана,,Астана,Казахстан,Пн: 10:00-22:00; Вт: 10:00-22:00; Ср: 10:00-22:00; Чт: 10:00-22:00; Пт: 10:00-22:00; Сб: 10:00-22:00; Вс: 10:00-22:00,+05:00,5.0,257,87080220817,,,rysbek.02@icloud.com,,,https://instagram.com/central.astana,,,https://wa.me/77080220817,,,,,,51.123185,71.434374,https://2gis.com/firm/70000001100116824
Aitmen,барбершоп,Барбершопы; Обучение мастеров для салонов красоты,"улица Фариза Онгарсынова, 6",25 офис,,,Есиль район,Астана,,Астана,Казахстан,Пн: 10:00-22:00; Вт: 10:00-22:00; Ср: 10:00-22:00; Чт: 10:00-22:00; Пт: 10:00-22:00; Сб: 10:00-22:00; Вс: 10:00-22:00,+05:00,5.0,1507,87756415645,,,support@aitmen.kz,http://zapis.kz/barbershop-aitmen,,https://instagram.com/aitmen_barbershop,,,https://wa.me/77756415645,,,,,,51.083885,71.441157,https://2gis.com/firm/70000001051597358
Aitmen,барбершоп,Барбершопы; Обучение мастеров для салонов красоты,"улица Илияс Омаров, 25",,,,Нура район,Астана,,Астана,Казахстан,Пн: 10:00-22:00; Вт: 10:00-22:00; Ср: 10:00-22:00; Чт: 10:00-22:00; Пт: 10:00-22:00; Сб: 10:00-22:00; Вс: 10:00-22:00,+05:00,5.0,1447,87079909058,,,support@aitmen.kz,http://zapis.kz/barbershop-aitmen,,https://instagram.com/aitmen_barbershop,,,https://wa.me/77079909058,,,,,,51.14048,71.370177,https://2gis.com/firm/70000001059238911
Urban,барбершоп,Барбершопы,"улица Айтеке би, 14",,,,Нура район,Астана,,Астана,Казахстан,Пн: 10:00-21:15; Вт: 10:00-21:15; Ср: 10:00-21:15; Чт: 10:00-21:15; Пт: 10:00-21:15; Сб: 10:00-21:15; Вс: 10:00-21:15,+05:00,4.9,1098,87086637636,,,,http://n517293.alteg.io/company/489387/personal/menu?o=,,https://instagram.com/urban.manhattan,,,https://wa.me/77086637636,,,,,,51.137963,71.38196,https://2gis.com/firm/70000001050142297
CROP Barbershop,,Барбершопы; Обучение мастеров для салонов красоты,"улица Абикен Бектуров, 9",,,,Нура район,Астана,,Астана,Казахстан,Пн: 10:00-21:00; Вт: 10:00-21:00; Ср: 10:00-21:00; Чт: 10:00-21:00; Пт: 10:00-21:00; Сб: 10:00-21:00; Вс: 10:00-21:00,+05:00,4.9,122,87071317810,,,,http://crop-online.kz,,https://instagram.com/crop.barbershop,,,https://wa.me/77071317810,,,,,,51.122387,71.397799,https://2gis.com/firm/70000001103056517
Dsg,барбершоп,Барбершопы,"проспект Республики, 5",,,,Сарыарка район,Астана,,Астана,Казахстан,Пн: 10:00-22:00; Вт: 10:00-22:00; Ср: 10:00-22:00; Чт: 10:00-22:00; Пт: 10:00-22:00; Сб: 10:00-22:00; Вс: 10:00-22:00,+05:00,4.6,72,87007775474,,,,http://b147820.alteg.io/company/154997,,https://instagram.com/barbershop_dsg,,,https://wa.me/77007775474,,,,,,51.159094,71.428643,https://2gis.com/firm/70000001030151460
El patron,,Барбершопы,"улица Алихан Бокейхан, 16",,,,Есиль район,Астана,,Астана,Казахстан,Пн: 10:00-21:00; Вт: 10:00-21:00; Ср: 10:00-21:00; Чт: 10:00-21:00; Пт: 10:00-21:00; Сб: 10:00-21:00; Вс: 10:00-21:00,+05:00,4.8,266,87075084891,,,,,,https://instagram.com/el.patron.astana,https://facebook.com/profile.php?id=100086356821601,,https://wa.me/77075084891,,,,,,51.108038,71.433805,https://2gis.com/firm/70000001081317638
Ronin,барбершоп,Барбершопы,"улица Жумабека Ташенова, 8",,,,Байконыр район,Астана,,Астана,Казахстан,Пн: 10:00-02:00; Вт: 10:00-02:00; Ср: 10:00-02:00; Чт: 10:00-02:00; Пт: 10:00-02:00; Сб: 10:00-02:00; Вс: 10:00-02:00,+05:00,4.9,87,87067244318,87066206553,,,,,https://instagram.com/ronin_barbershop_astana,,,https://wa.me/77067244318,,,,,,51.151446,71.433773,https://2gis.com/firm/70000001102721711
The Jigits,барбершоп,Барбершопы,"улица Александра Пушкина, 4",,,,Байконыр район,Астана,,Астана,Казахстан,Пн: 10:00-21:00; Вт: 10:00-21:00; Ср: 10:00-21:00; Чт: 10:00-21:00; Пт: 10:00-21:00; Сб: 10:00-21:00; Вс: 10:00-21:00,+05:00,4.9,485,87015038118,,,,http://www.thejigits.kz,,https://instagram.com/jigits.barber.01,,,https://wa.me/77015038118,,,,,,51.156794,71.459879,https://2gis.com/firm/70000001039578812
Gross,барбершоп,Барбершопы,"проспект Республики, 7/2",,,,Сарыарка район,Астана,,Астана,Казахстан,Пн: 10:00-22:00; Вт: 10:00-22:00; Ср: 10:00-22:00; Чт: 10:00-22:00; Пт: 10:00-22:00; Сб: 10:00-22:00; Вс: 10:00-22:00 (по предварительной записи),+05:00,4.8,280,87772701111,87079097452,,,http://zapis.kz/gross,,https://instagram.com/gross.barbershop,,,https://wa.me/77772701111,,,,,,51.160619,71.427355,https://2gis.com/firm/70000001029760862
Murt by Shaimardan,мужской салон,Барбершопы,"улица Касым Кайсенов, 2",НП: 8,,,Есиль район,Астана,,Астана,Казахстан,Пн: 10:00-20:00; Вт: 10:00-20:00; Ср: 10:00-20:00; Чт: 10:00-20:00; Пт: 10:00-20:00; Сб: 10:00-20:00; Вс: 10:00-20:00,+05:00,5.0,80,87776116671,,,,,,https://instagram.com/murt.barbershop,,,https://wa.me/77776116671,,,,,,51.094564,71.443971,https://2gis.com/firm/70000001095070167
Bars,барбершоп,Барбершопы,"улица Илияс Омаров, 19/1",,,,Нура район,Астана,,Астана,Казахстан,Пн: 10:00-22:00; Вт: 10:00-22:00; Ср: 10:00-22:00; Чт: 10:00-22:00; Пт: 10:00-22:00; Сб: 10:00-22:00; Вс: 10:00-22:00 (по предварительной записи),+05:00,4.9,515,87761861256,,,,http://tiktok.com/@bars_barbershop,,https://instagram.com/bars_barbershop,,,https://wa.me/77761861256,,,,,,51.137331,71.367087,https://2gis.com/firm/70000001083231482
El patron,,Барбершопы,"улица Алихан Бокейхан, 46",,,,Есиль район,Астана,,Астана,Казахстан,Пн: 10:00-22:00; Вт: 10:00-22:00; Ср: 10:00-22:00; Чт: 10:00-22:00; Пт: 10:00-22:00; Сб: 10:00-22:00; Вс: 10:00-22:00,+05:00,4.9,186,87075693706,,,,,,https://instagram.com/el.patron.astana,https://facebook.com/profile.php?id=100086356821601,,https://wa.me/77075693706,,,,,,51.087536,71.427324,https://2gis.com/firm/70000001099073650
Aitmen,барбершоп,Барбершопы; Обучение мастеров для салонов красоты,"улица Кайрат Рыскулбеков, 29",НП: 13,,,Алматы район,Астана,,Астана,Казахстан,Пн: 10:00-22:00; Вт: 10:00-22:00; Ср: 10:00-22:00; Чт: 10:00-22:00; Пт: 10:00-22:00; Сб: 10:00-22:00; Вс: 10:00-22:00,+05:00,5.0,1172,87476512148,,,support@aitmen.kz,http://zapis.kz/barbershop-aitmen,,https://instagram.com/aitmen_barbershop,,,https://wa.me/77476512148,,,,,,51.160314,71.501493,https://2gis.com/firm/70000001066360315
4Bro,барбершоп,Барбершопы,"улица Фариза Онгарсынова, 6",,,,Есиль район,Астана,,Астана,Казахстан,Пн: 11:00-21:00; Вт: 11:00-21:00; Ср: 11:00-21:00; Чт: 11:00-21:00; Пт: 11:00-21:00; Сб: 11:00-21:00; Вс: 11:00-21:00,+05:00,5.0,176,87086994330,,,,http://n832507.alteg.io,,https://instagram.com/barbershop.4bro,,,https://wa.me/77086994330,,,,,,51.083906,71.439836,https://2gis.com/firm/70000001077727092
TM Barbershop,,Барбершопы; Студии загара,"улица Алихан Бокейхан, 44",,,,Есиль район,Астана,,Астана,Казахстан,Пн: 10:00-21:00; Вт: 10:00-21:00; Ср: 10:00-21:00; Чт: 10:00-21:00; Пт: 10:00-21:00; Сб: 10:00-21:00; Вс: 10:00-21:00,+05:00,5.0,548,87770628899,,,,http://tmbarbershopastana.taplink.ws,,https://instagram.com/tmbarbershop_astana,,,https://wa.me/77770628899,,,,,,51.088413,71.426597,https://2gis.com/firm/70000001089567143
GazMaster,барбершоп,Барбершопы,"улица Каныш Сатпаев, 5",,,2 м-н,Алматы район,Астана,,Астана,Казахстан,Пн: 10:00-20:00; Вт: 10:00-20:00; Ср: 10:00-20:00; Чт: 10:00-20:00; Пт: 10:00-20:00; Сб: 10:00-20:00; Вс: 10:00-20:00,+05:00,4.9,339,87766664434,,,,http://dikidi.net/1489232,,https://instagram.com/gazmaster_barbershop,,,,,,,,,51.151127,71.468238,https://2gis.com/firm/70000001038950356
Qiu,,Барбершопы; Обучение мастеров для салонов красоты,"улица Сыганак, 17Б",,,,Нура район,Астана,,Астана,Казахстан,Пн: 10:00-22:00; Вт: 10:00-22:00; Ср: 10:00-22:00; Чт: 10:00-22:00; Пт: 10:00-22:00; Сб: 10:00-22:00; Вс: 10:00-22:00,+05:00,4.9,252,87716776555,,,,http://zapis.kz/barbershop-qiu,,https://instagram.com/qiu.barbershop,,,https://wa.me/77716776555,,,,,,51.130269,71.390216,https://2gis.com/firm/70000001060308945
Traditional Barbershop,,Барбершопы,"проспект Мангилик Ел, 53",,,,Есиль район,Астана,,Астана,Казахстан,Пн: 10:00-21:00; Вт: 10:00-21:00; Ср: 10:00-21:00; Чт: 10:00-21:00; Пт: 10:00-21:00; Сб: 10:00-21:00; Вс: 10:00-21:00,+05:00,4.9,422,87053315447,,,,http://70000001038298166.2gis.biz,,https://instagram.com/traditionalbarbershop.kz,,https://vk.com/barbershop_astana,https://wa.me/77053315447,,,,,,51.091995,71.424922,https://2gis.com/firm/70000001038298167
Nurba,барбершоп,Барбершопы,"улица Жумекен Нажимеденов, 16а",цокольный этаж,,,Сарайшык район,Астана,,Астана,Казахстан,Пн: 10:00-23:00; Вт: 10:00-23:00; Ср: 10:00-23:00; Чт: 10:00-23:00; Пт: 10:00-23:00; Сб: 10:00-23:00; Вс: 10:00-23:00,+05:00,4.9,192,87711023057,,,,,,https://instagram.com/nurba_barbershop_astana,,,https://wa.me/77711023057,,,,,,51.117444,71.476782,https://2gis.com/firm/70000001090812502
Sensei,барбершоп,Барбершопы,"улица Кажымукан, 12Б",,,4 м-н,Алматы район,Астана,,Астана,Казахстан,Пн: 10:00-21:00; Вт: 10:00-21:00; Ср: 10:00-21:00; Чт: 10:00-21:00; Пт: 10:00-21:00; Сб: 10:00-21:00; Вс: 10:00-21:00,+05:00,4.9,237,87010360222,,,,,,https://instagram.com/senseibbarbershop,,,https://wa.me/77010360222,,,,,,51.153948,71.467815,https://2gis.com/firm/70000001072131311
Бравый,барбершоп,Барбершопы,"проспект Женис, 43/4",цокольный этаж,,,Сарыарка район,Астана,,Астана,Казахстан,Пн: 10:00-22:00; Вт: 10:00-22:00; Ср: 10:00-22:00; Чт: 10:00-22:00; Пт: 10:00-22:00; Сб: 10:00-22:00; Вс: 10:00-22:00,+05:00,4.8,1273,87765506611,,,,http://n268548.alteg.io/,,https://instagram.com/bravyi_astana,,,https://wa.me/77765506611,,,,,,51.178937,71.407977,https://2gis.com/firm/70000001039927942
CROP Barbershop,,Барбершопы; Обучение мастеров для салонов красоты,"проспект Туран, 55к",,,,Нура район,Астана,,Астана,Казахстан,Пн: 10:00-21:00; Вт: 10:00-21:00; Ср: 10:00-21:00; Чт: 10:00-21:00; Пт: 10:00-21:00; Сб: 10:00-21:00; Вс: 10:00-21:00,+05:00,4.9,84,87082935183,,,,http://crop-online.kz,,https://instagram.com/crop.barbershop,,,https://wa.me/77082935183,,,,https://t.me/+77082935183,,51.11453,71.393222,https://2gis.com/firm/70000001102858643
Mr Room,мужской салон,Барбершопы; Массажист; Эпиляция,"проспект Туран, 44/2",,,,Нура район,Астана,,Астана,Казахстан,Пн: 10:00-21:00; Вт: 10:00-21:00; Ср: 10:00-21:00; Чт: 10:00-21:00; Пт: 10:00-21:00; Сб: 10:00-21:00; Вс: 10:00-21:00,+05:00,5.0,17,87753212850,,,,,,https://instagram.com/mrroom_astana,,,https://wa.me/77753212850,,,,,,51.113811,71.402892,https://2gis.com/firm/70000001103409175
Dara,барбершоп,Барбершопы,"улица Жошы хан, 27",,,Заречное ж/м,Есиль район,Астана,,Астана,Казахстан,"Пн: 10:00-13:00, 14:00-21:00; Вт: 10:00-13:00, 14:00-21:00; Ср: 10:00-13:00, 14:00-21:00; Чт: 10:00-13:00, 14:00-21:00; Пт: 10:00-13:00, 14:00-21:00; Сб: 10:00-13:00, 14:00-21:00; Вс: 10:00-13:00, 14:00-21:00",+05:00,5.0,34,87773527969,,,,http://n1380380.alteg.io,,https://instagram.com/dara.barbershop,,,https://wa.me/77773527969,,,,,,51.108252,71.443856,https://2gis.com/firm/70000001103709452
Richman,барбершоп,Барбершопы,"улица Анет баба, 11/2",,,,Нура район,Астана,,Астана,Казахстан,Пн: 10:00-21:00; Вт: 10:00-21:00; Ср: 10:00-21:00; Чт: 10:00-21:00; Пт: 10:00-21:00; Сб: 10:00-21:00; Вс: 10:00-21:00,+05:00,5.0,471,87750323111,,,,http://n759933.alteg.io/company/714638/personal/select-services?fbclid=PAZnRzaANI-_9leHRuA2FlbQExAAGn8jdU21DoJV5-TIPtXNCNtvdDll319MliVjV9hnV8Nmis-_8Zi3muHU-QFVs_aem_SaPL4BhHo63zmkKVRLQm0Q&o=,,https://instagram.com/barbershop.richman,,,https://wa.me/77750323111,,,,https://t.me/+77750323111,,51.139153,71.382631,https://2gis.com/firm/70000001075332237
Katana,барбершоп,Барбершопы,"проспект Улы Дала, 35",,,,Нура район,Астана,,Астана,Казахстан,Пн: 11:00-21:00; Вт: 11:00-21:00; Ср: 11:00-21:00; Чт: 11:00-21:00; Пт: 11:00-21:00; Сб: 11:00-21:00; Вс: 11:00-21:00,+05:00,4.6,186,87715791829,,,,http://n815514.alteg.io/,,https://instagram.com/katana_barbershop_astana,,,https://wa.me/77715791829,,,,,,51.100368,71.402678,https://2gis.com/firm/70000001076576263
City,барбершоп,Барбершопы,"улица Кайым Мухамедханов, 6",1 этаж,,,Нура район,Астана,,Астана,Казахстан,Пн: 10:00-22:00; Вт: 10:00-22:00; Ср: 10:00-22:00; Чт: 10:00-22:00; Пт: 10:00-22:00; Сб: 10:00-22:00; Вс: 10:00-22:00,+05:00,4.8,278,87028577495,,,,http://zapis.kz/city-barbershop,,https://instagram.com/city_barbershop.kz,,,https://wa.me/77028577495,,,,,,51.139789,71.386668,https://2gis.com/firm/70000001064062760
El patron,,Барбершопы,"улица Санжара Асфендиярова, 3",,,,Нура район,Астана,,Астана,Казахстан,Пн: 10:00-22:00; Вт: 10:00-22:00; Ср: 10:00-22:00; Чт: 10:00-22:00; Пт: 10:00-22:00; Сб: 10:00-21:00; Вс: 10:00-21:00,+05:00,4.9,522,87478358283,,,,,,https://instagram.com/el.patron.astana,https://facebook.com/profile.php?id=100086356821601,,https://wa.me/77478358283,,,,,,51.132655,71.378521,https://2gis.com/firm/70000001067340158
Barbershop №1,,Барбершопы,"улица Сыганак, 54",напротив ЛРТ,,,Есиль район,Астана,,Астана,Казахстан,"Пн: 10:00-14:00, 15:00-22:00; Вт: 10:00-14:00, 15:00-22:00; Ср: 10:00-14:00, 15:00-22:00; Чт: 10:00-14:00, 15:00-22:00; Пт: 10:00-14:00, 15:00-22:00; Сб: 10:00-14:00, 15:00-22:00; Вс: 10:00-14:00, 15:00-22:00",+05:00,4.9,175,87071315055,,,,http://dikidi.net/629033,,https://instagram.com/barbershop_number1,,,https://wa.me/77071315055,,,,,,51.124021,71.420934,https://2gis.com/firm/70000001056215769
Tör,барбершоп,Барбершопы,"улица Аманжол Болекпаев, 22",,,,Сарайшык район,Астана,,Астана,Казахстан,Пн: 10:00-22:00; Вт: 10:00-22:00; Ср: 10:00-22:00; Чт: 10:00-22:00; Пт: 10:00-22:00; Сб: 10:00-22:00; Вс: 10:00-22:00,+05:00,5.0,54,87076006800,,,,,,https://instagram.com/tor.barbershop.astana,,,https://wa.me/77076006800,,,,,,51.120596,71.51028,https://2gis.com/firm/70000001103753566
CROP Barbershop,,Барбершопы; Обучение мастеров для салонов красоты,"улица Касым Кайсенов, 4",6 офис,,,Есиль район,Астана,,Астана,Казахстан,Пн: 09:59-21:00; Вт: 09:59-21:00; Ср: 09:59-21:00; Чт: 09:59-21:00; Пт: 09:59-21:00; Сб: 09:59-21:00; Вс: 09:59-21:00,+05:00,4.9,118,87771884140,,,,http://crop-online.kz,,https://instagram.com/crop.barbershop,,,https://wa.me/77771884140,,,,,,51.096181,71.444229,https://2gis.com/firm/70000001100779264
Issak Barber,,Барбершопы; Обучение мастеров для салонов красоты,"улица Шамши Калдаяков, 4",,,,Сарайшык район,Астана,,Астана,Казахстан,Пн: 10:00-20:00; Вт: 10:00-20:00; Ср: 10:00-20:00; Чт: 10:00-20:00; Пт: 10:00-20:00; Сб: 10:00-20:00; Вс: 10:00-20:00,+05:00,4.9,61,87066666911,,,,http://zapis.kz/salon/5552,,https://instagram.com/issak.kz,,,https://wa.me/77066666911,,,,,,51.118319,71.456826,https://2gis.com/firm/70000001064760485
Mr.Sharp,барбершоп,Барбершопы,"улица Жумекен Нажимеденов, 26/1",вход с торца,,,Сарайшык район,Астана,,Астана,Казахстан,Пн: 10:00-22:00; Вт: 10:00-22:00; Ср: 10:00-22:00; Чт: 10:00-22:00; Пт: 10:00-22:00; Сб: 10:00-22:00; Вс: 10:00-22:00,+05:00,5.0,114,87788095109,,,,,,https://instagram.com/mr.sharp_barbershop,,,https://wa.me/77788095109,,,,,,51.114583,71.491291,https://2gis.com/firm/70000001102514352
Mr.Nice,барбершоп,Барбершопы; Ногтевые студии,"проспект Ракымжан Кошкарбаев, 10",,,,Сарайшык район,Астана,,Астана,Казахстан,Вт: 10:00-21:00; Ср: 10:00-21:00; Чт: 10:00-21:00; Пт: 10:00-21:00; Сб: 10:00-21:00; Вс: 10:00-21:00,+05:00,3.7,24,87172204000,87087008000,,,http://www.mrnice.kz,,https://instagram.com/mr.nice.club,https://facebook.com/mr.nice.barbershop,,https://wa.me/77087008000,,,,,,51.126627,71.46757,https://2gis.com/firm/70000001023204766
Bacapacoroche,,Барбершопы,"улица Сауран, 9Б",цокольный этаж; НП: 1,,,Есиль район,Астана,,Астана,Казахстан,Пн: 10:00-21:00; Вт: 10:00-21:00; Ср: 10:00-21:00; Чт: 10:00-21:00; Пт: 10:00-21:00; Сб: 10:00-21:00; Вс: 10:00-21:00 (по предварительной записи),+05:00,5.0,110,87083147951 (менеджер),,,,http://zapis.kz/bacapacoroche,,https://instagram.com/bacapacoroche,,,https://wa.me/77004004110,,,,,,51.115874,71.416458,https://2gis.com/firm/70000001089086108
El patron,,Барбершопы,"улица Сыганак, 15/1",,,,Нура район,Астана,,Астана,Казахстан,Пн: 10:00-21:30; Вт: 10:00-21:30; Ср: 10:00-21:30; Чт: 10:00-21:30; Пт: 10:00-21:30; Сб: 10:00-21:30; Вс: 10:00-21:30,+05:00,4.8,66,87074147834,,,,,,https://instagram.com/el.patron.astana,https://facebook.com/profile.php?id=100086356821601,,https://wa.me/77074147834,,,,,,51.130824,71.38439,https://2gis.com/firm/70000001094413274
K1,барбершоп,Барбершопы,"улица Алексея Петрова, 2",,,1 м-н,Алматы район,Астана,,Астана,Казахстан,Пн: 10:00-22:00; Вт: 10:00-22:00; Ср: 10:00-22:00; Чт: 10:00-22:00; Пт: 10:00-22:00; Сб: 10:00-22:00; Вс: 10:00-22:00,+05:00,4.9,133,87082662482,,,,,,,,,https://wa.me/77082662482,,,,,,51.151623,71.461012,https://2gis.com/firm/70000001097588464
Blade barber,барбершоп,Барбершопы,"проспект Мангилик Ел, 51/5",,,,Есиль район,Астана,,Астана,Казахстан,Пн: 10:00-22:00; Вт: 10:00-22:00; Ср: 10:00-22:00; Чт: 10:00-22:00; Пт: 10:00-22:00; Сб: 10:00-22:00; Вс: 10:00-22:00,+05:00,5.0,111,87479610587,,,,http://n1373575.alteg.io,,https://instagram.com/amin_barber0,,,https://wa.me/77479610587,,,,,,51.093888,71.421758,https://2gis.com/firm/70000001102822544
Archie,барбершоп,Барбершопы,"улица Мухтара Ауэзова, 19",цокольный этаж,,,Сарыарка район,Астана,,Астана,Казахстан,Пн: 12:00-21:00; Вт: 12:00-21:00; Ср: 12:00-21:00; Чт: 12:00-21:00; Пт: 12:00-21:00; Сб: 12:00-21:00; Вс: 12:00-21:00,+05:00,4.9,172,87475552403,,,,http://n771406.alteg.io,,https://instagram.com/barbershop_archie_,,,https://wa.me/77475552403,,,,,,51.171864,71.422683,https://2gis.com/firm/70000001066886156
ZE,барбершоп,Барбершопы,"Керей, Жанибек хандар улица, 30",,,,Есиль район,Астана,,Астана,Казахстан,Пн: 10:00-21:00; Вт: 10:00-21:00; Ср: 10:00-21:00; Чт: 10:00-21:00; Пт: 10:00-21:00; Сб: 10:00-21:00; Вс: 10:00-21:00,+05:00,4.9,277,87014779181,,,,,,https://instagram.com/ze.barbershop.01,,,https://wa.me/77014779181,,,,,,51.111203,71.437466,https://2gis.com/firm/70000001067672317
fade_barbershop_astana,,Барбершопы,"улица Сарайшык, 40",1 этаж,,,Есиль район,Астана,,Астана,Казахстан,Пн: 10:00-21:00; Вт: 10:00-21:00; Ср: 10:00-21:00; Чт: 10:00-21:00; Пт: 10:00-21:00; Сб: 10:00-21:00; Вс: 10:00-21:00,+05:00,4.9,38,87082005838,,,,http://zapis.kz/fade-barbershop,,,,,https://wa.me/77082005838,https://wa.me/77677778611,,,,,51.132349,71.438025,https://2gis.com/firm/70000001075455115
NoMad Barber,,Барбершопы,"Е 915 улица, 15",,,,Есиль район,Астана,,Астана,Казахстан,Пн: 10:00-21:00; Вт: 10:00-21:00; Ср: 10:00-21:00; Чт: 10:00-21:00; Пт: 10:00-21:00; Сб: 10:00-21:00; Вс: 10:00-21:00,+05:00,4.9,59,87086186798,,,,http://b777777.alteg.io/company/1301799/personal/menu?o=,,https://instagram.com/nomad_barber_astana,,,https://wa.me/77086186798,,,,,,51.08876,71.466573,https://2gis.com/firm/70000001101321157
beine_barbershop,,Барбершопы; Обучение мастеров для салонов красоты,"улица Жанкент, 52",,,Юго-Восток (правая сторона) ж/м,Алматы район,Астана,,Астана,Казахстан,Пн: 10:00-23:00; Вт: 10:00-23:00; Ср: 10:00-23:00; Чт: 10:00-23:00; Пт: 10:00-23:00; Сб: 10:00-23:00; Вс: 10:00-23:00,+05:00,5.0,58,87478957564,,,,,,https://instagram.com/beine_barbershop,,,https://wa.me/77478957564,,,,,,51.13694,71.501834,https://2gis.com/firm/70000001099447232
Berserk,барбершоп,Барбершопы,"проспект Абылай хана, 10",,,,Алматы район,Астана,,Астана,Казахстан,Пн: 11:00-22:00; Вт: 11:00-22:00; Ср: 11:00-22:00; Чт: 11:00-22:00; Пт: 11:00-22:00; Сб: 10:00-22:00; Вс: 10:00-22:00,+05:00,4.8,286,87781263015,,,,http://zapis.kz/berserk-barbershop,,https://instagram.com/berserk.barbershop,,,https://wa.me/77781263015,,,,,,51.158518,71.474394,https://2gis.com/firm/70000001046452734
Khan Barbershop,,Барбершопы,"проспект Бауыржан Момышулы, 10",107 бутик; 1 этаж,,Юго-Восток (правая сторона) ж/м,Алматы район,Астана,,Астана,Казахстан,Пн: 10:00-21:00; Вт: 10:00-21:00; Ср: 10:00-21:00; Чт: 10:00-21:00; Пт: 10:00-21:00; Сб: 10:00-21:00; Вс: 10:00-21:00,+05:00,4.8,219,87753543702,,,,http://zapis.kz/khan-barbershop-astana,,https://instagram.com/khan.barbershop.astana,,,https://wa.me/77753543702,,,,,,51.139059,71.476008,https://2gis.com/firm/70000001057516125
Logovo,,Барбершопы,"улица Бердибек Сокпакбаев, 20/1",цокольный этаж,,,Сарыарка район,Астана,,Астана,Казахстан,Пн: 10:00-22:00; Вт: 10:00-22:00; Ср: 10:00-22:00; Чт: 10:00-22:00; Пт: 10:00-22:00; Сб: 10:00-22:00; Вс: 10:00-22:00,+05:00,4.9,499,87714226472,,,d-kz@mail.ru,http://taplink.cc/logovo,,https://instagram.com/barbershop.logovo,,,https://wa.me/77714226472,,,,,,51.17389,71.38358,https://2gis.com/firm/70000001092676014
It`s Time,барбершоп,Барбершопы,"проспект Сарыарка, 5/1",НП: 59,,,Сарыарка район,Астана,,Астана,Казахстан,Пн: 10:00-22:00; Вт: 10:00-22:00; Ср: 10:00-22:00; Чт: 10:00-22:00; Пт: 10:00-22:00; Сб: 10:00-22:00; Вс: 10:00-22:00 (по предварительной записи),+05:00,4.9,216,87087280221,,,,http://n1246244.alteg.io/,,https://instagram.com/itstime.barbershop,,,https://wa.me/77087280221,,,,,,51.161389,71.408304,https://2gis.com/firm/70000001091194774
El patron,,Барбершопы,"проспект Туран, 55/12",,,,Нура район,Астана,,Астана,Казахстан,Пн: 10:00-21:00; Вт: 10:00-21:00; Ср: 10:00-21:00; Чт: 10:00-21:00; Пт: 10:00-21:00; Сб: 10:00-21:00; Вс: 10:00-21:00,+05:00,4.8,301,87074795313,,,,,,https://instagram.com/el.patron.astana,https://facebook.com/profile.php?id=100086356821601,,https://wa.me/77074795313,,,,,,51.113794,71.393845,https://2gis.com/firm/70000001081317887
Batys,барбершоп,Барбершопы,"улица Жумабека Ташенова, 8",,,,Байконыр район,Астана,,Астана,Казахстан,Пн: 10:00-22:00; Вт: 10:00-22:00; Ср: 10:00-22:00; Чт: 10:00-22:00; Пт: 10:00-22:00; Сб: 10:00-22:00; Вс: 10:00-22:00,+05:00,5.0,148,87715297077,,,,http://n1312010.alteg.io/,,,,,https://wa.me/77715297077,,,,,,51.151446,71.433773,https://2gis.com/firm/70000001092494912
The Shelby,,Барбершопы,"улица Желтоксан, 14",1 этаж,,,Сарыарка район,Астана,,Астана,Казахстан,Пн: 10:00-21:00; Вт: 10:00-21:00; Ср: 10:00-21:00; Чт: 10:00-21:00; Пт: 10:00-21:00; Сб: 10:00-21:00; Вс: 10:00-21:00,+05:00,4.9,165,87022866619,,,,http://n1241813.alteg.io,,https://instagram.com/ts__barbershop,,,https://wa.me/77022866619,,,,,,51.169065,71.415798,https://2gis.com/firm/70000001089744827
Black Beast,,Барбершопы,"улица Санжара Асфендиярова, 4",,,,Нура район,Астана,,Астана,Казахстан,Пн: 10:00-21:00; Вт: 10:00-21:00; Ср: 10:00-21:00; Чт: 10:00-21:00; Пт: 10:00-21:00; Сб: 10:00-21:00; Вс: 10:00-21:00,+05:00,4.9,251,87714312121,87764311212,,,,,https://instagram.com/sunnat_barberr,,,https://wa.me/77714312121,https://wa.me/77764311212,,,,,51.132146,71.38082,https://2gis.com/firm/70000001063589228
OldBoy,барбершоп,Барбершопы,"Амангельды Иманова улица, 16",,,,Байконыр район,Астана,,Астана,Казахстан,Пн: 10:00-21:00; Вт: 10:00-21:00; Ср: 10:00-21:00; Чт: 10:00-21:00; Пт: 10:00-21:00; Сб: 10:00-21:00; Вс: 10:00-21:00,+05:00,4.6,239,87027776109,,,,http://zapis.kz/oldboy,,https://instagram.com/oldboy.astana,,,https://wa.me/77027776109,,,,,,51.163416,71.435366,https://2gis.com/firm/70000001027000077
NewYork,,Барбершопы,"улица Каныш Сатпаев, 11",,,3 м-н,Алматы район,Астана,,Астана,Казахстан,Пн: 10:00-24:00; Вт: 10:00-24:00; Ср: 10:00-24:00; Чт: 10:00-24:00; Пт: 10:00-24:00; Сб: 10:00-24:00; Вс: 10:00-24:00,+05:00,4.9,279,87757427272,87073297539,,,,,,,,https://wa.me/77757427272,,,,,,51.148096,71.470334,https://2gis.com/firm/70000001044059260
Choppers,,Барбершопы,"Аль-Фараби проспект, 29",цокольный этаж,,,Есиль район,Астана,,Астана,Казахстан,Вт: 10:00-20:00; Ср: 10:00-20:00; Чт: 10:00-20:00; Пт: 10:00-20:00; Сб: 10:00-20:00; Вс: 10:00-20:00 (по предварительной записи: вт-вс),+05:00,5.0,82,87004348867,,,,http://zapis.kz/salon/7300,,https://instagram.com/chopperskz,,,https://wa.me/77004348867,,,,https://t.me/+77004348867,,51.087723,71.447222,https://2gis.com/firm/70000001074471365
Barber Boss,турецкий барбершоп,Барбершопы,"улица Е-489, 3 блок 2",,,,Нура район,Астана,,Астана,Казахстан,Пн: 10:00-20:00; Вт: 10:00-20:00; Ср: 10:00-20:00; Чт: 10:00-20:00; Пт: 10:00-20:00; Сб: 10:00-20:00; Вс: 10:00-20:00,+05:00,4.9,186,87026993029,,,,,,https://instagram.com/barber_boss_astana,,,https://wa.me/77026993029,,,,,,51.143337,71.377695,https://2gis.com/firm/70000001090232078
Сырлы қайшы,,Барбершопы,"улица Жубан Молдагалиев, 10",НП: 10,,,Нура район,Астана,,Астана,Казахстан,"Пн: 10:00-12:00, 13:00-21:30; Вт: 10:00-12:00, 13:00-21:30; Чт: 10:00-12:00, 13:00-21:30; Пт: 10:00-12:00, 13:00-21:30; Сб: 10:00-12:00, 13:00-21:30; Вс: 10:00-12:00, 13:00-21:30",+05:00,4.9,44,87007201314,,,,,,https://instagram.com/serle_kaishe,,,https://wa.me/77007201314,,,,,,51.124152,71.375742,https://2gis.com/firm/70000001092499678
Muslim,,Барбершопы,"Кабанбай батыр проспект, 36/2",,,,Есиль район,Астана,,Астана,Казахстан,Пн: 09:00-21:00; Вт: 09:00-21:00; Ср: 09:00-21:00; Чт: 09:00-21:00; Пт: 09:00-21:00; Сб: 09:00-21:00; Вс: 09:00-21:00,+05:00,5.0,79,87015139494,87001170997,,,,,https://instagram.com/magzhanbasymbek_97,,,https://wa.me/77001170997,,,,,,51.126251,71.416444,https://2gis.com/firm/70000001087560787
Oscar,барбершоп,Барбершопы,"улица Сыганак, 54а",1 этаж,,,Есиль район,Астана,,Астана,Казахстан,Пн: 10:00-21:00; Вт: 10:00-21:00; Ср: 10:00-21:00; Чт: 10:00-21:00; Пт: 10:00-21:00; Сб: 10:00-21:00; Вс: 10:00-21:00,+05:00,4.9,179,87756099276,,,,,,https://instagram.com/oscar_barbershop_astana,,,https://wa.me/77756099276,,,,,,51.124297,71.417986,https://2gis.com/firm/70000001063366676
Senior,барбершоп,Барбершопы,"проспект Мангилик Ел, 51/2",цокольный этаж,,,Есиль район,Астана,,Астана,Казахстан,Пн: 10:00-21:00; Вт: 10:00-21:00; Ср: 10:00-21:00; Чт: 10:00-21:00; Пт: 10:00-21:00; Сб: 10:00-21:00; Вс: 10:00-21:00,+05:00,4.8,70,87759090996,,,,,,https://instagram.com/barbershop_senior_astana,,,https://wa.me/77759090996,,,,,,51.095446,71.42228,https://2gis.com/firm/70000001078530101
Eleven,,Барбершопы,"улица Ахмет Байтурсынулы, 39/3",,,,Сарайшык район,Астана,,Астана,Казахстан,Пн: 10:00-22:00; Вт: 10:00-22:00; Ср: 10:00-22:00; Чт: 10:00-22:00; Пт: 10:00-22:00; Сб: 10:00-22:00; Вс: 10:00-22:00,+05:00,4.9,40,87760819096,,,,,,,,,https://wa.me/77760819096,,,,,,51.120068,71.502524,https://2gis.com/firm/70000001103654063
S14,барбершоп,Барбершопы,"улица Сауран, 14",цокольный этаж,,,Есиль район,Астана,,Астана,Казахстан,Пн: 10:00-21:00; Вт: 10:00-21:00; Ср: 10:00-21:00; Чт: 10:00-21:00; Пт: 10:00-21:00; Сб: 10:00-21:00; Вс: 10:00-21:00 (по предварительной записи),+05:00,4.9,276,87056718772,,,,,,https://instagram.com/barbershop_s14,,,https://wa.me/77056718772,,,,,,51.115406,71.419728,https://2gis.com/firm/70000001068524244
Westman,барбершоп,Барбершопы,"улица Кенесары, 4Б",,,,Сарыарка район,Астана,,Астана,Казахстан,Пн: 10:00-21:00; Вт: 10:00-21:00; Ср: 10:00-21:00; Чт: 10:00-21:00; Пт: 10:00-21:00; Сб: 10:00-21:00; Вс: 10:00-21:00 (по предварительной записи),+05:00,4.7,16,87756556575,,,,,,,,,https://wa.me/77756556575,,,,,,51.161019,71.402585,https://2gis.com/firm/70000001098551403
Monke,барбершоп,Барбершопы; Обучение мастеров для салонов красоты,"улица Ахмет Байтурсынулы, 32/4",3 офис,,,Сарайшык район,Астана,,Астана,Казахстан,Пн: 10:00-22:00; Вт: 10:00-22:00; Ср: 10:00-22:00; Чт: 10:00-22:00; Пт: 10:00-22:00; Сб: 10:00-22:00; Вс: 10:00-22:00,+05:00,5.0,91,87055578501,,,,http://zapis.kz/monke-barbershop-b,http://taplink.cc/monke_barbershop,https://instagram.com/monke.barbershop,,,https://wa.me/77055578501,,,,,,51.114009,71.524268,https://2gis.com/firm/70000001093526525
Blackstone,барбершоп,Барбершопы,"улица Санжара Асфендиярова, 3",2 этаж,,,Нура район,Астана,,Астана,Казахстан,Пн: 10:00-21:00; Вт: 10:00-21:00; Ср: 10:00-21:00; Чт: 10:00-21:00; Пт: 10:00-21:00; Сб: 10:00-21:00; Вс: 10:00-21:00,+05:00,4.7,141,87751924036,,,,,,https://instagram.com/blackstone.offical_,,,https://wa.me/77751924036,,,,,,51.132209,71.37761,https://2gis.com/firm/70000001089808898
Doberman,барбершоп,Барбершопы,"улица Шаймерден Косшыгулулы, 11/3",цокольный этаж,,,Сарыарка район,Астана,,Астана,Казахстан,Пн: 10:00-20:00; Вт: 10:00-20:00; Ср: 10:00-20:00; Чт: 10:00-20:00; Пт: 10:00-20:00; Сб: 10:00-20:00; Вс: 10:00-20:00 (по предварительной записи),+05:00,5.0,132,87058779949,87776179966,,,,,https://instagram.com/doberman.ast,,,https://wa.me/77479726111,https://wa.me/77058779949,https://wa.me/77776179966,,,,51.166868,71.387118,https://2gis.com/firm/70000001069272797
Qojekey,барбершоп,Барбершопы,"улица Шамши Калдаяков, 23/2",1 этаж,,,Сарайшык район,Астана,,Астана,Казахстан,"Пн: 10:00-13:00, 14:00-22:00; Вт: 10:00-13:00, 14:00-22:00; Ср: 10:00-13:00, 14:00-22:00; Чт: 10:00-13:00, 14:00-22:00; Пт: 10:00-13:00, 14:00-22:00; Сб: 10:00-13:00, 14:00-22:00; Вс: 10:00-13:00, 14:00-22:00",+05:00,4.8,204,87782862302,87789205051,,,,,https://instagram.com/qojekey.barbershop,,,https://wa.me/77782862302,,,,,,51.114395,71.488226,https://2gis.com/firm/70000001076581733
D51,барбершоп,Барбершопы,"проспект Сарыарка, 21",1 этаж,,,Сарыарка район,Астана,,Астана,Казахстан,Пн: 10:00-22:00; Вт: 10:00-22:00; Ср: 10:00-22:00; Чт: 10:00-22:00; Пт: 10:00-22:00; Сб: 10:00-22:00; Вс: 10:00-22:00,+05:00,5.0,120,87000770051,,,,http://zapis.kz/salon/10474,,https://instagram.com/d51_barbershop,,,https://wa.me/77000770051,,,,,,51.16974,71.407431,https://2gis.com/firm/70000001090432021
Asau,барбершоп,Барбершопы,"улица Адольфа Янушкевича, 1",,,Целинный м-н,Байконыр район,Астана,,Астана,Казахстан,Пн: 10:00-20:00; Вт: 10:00-20:00; Ср: 10:00-20:00; Чт: 10:00-20:00; Пт: 10:00-20:00; Сб: 10:00-20:00; Вс: 10:00-20:00,+05:00,5.0,22,87719186260,,,,,,,,,https://wa.me/77719186260,,,,,,51.15886,71.461044,https://2gis.com/firm/70000001101197120
NewYork,,Барбершопы,"улица Кордай, 58/2",,,Юго-Восток (правая сторона) ж/м,Алматы район,Астана,,Астана,Казахстан,Пн: 10:00-24:00; Вт: 10:00-24:00; Ср: 10:00-24:00; Чт: 10:00-24:00; Пт: 10:00-24:00; Сб: 10:00-24:00; Вс: 10:00-24:00,+05:00,4.9,70,87780102628,,,,,,,,,https://wa.me/77780102628,,,,,,51.13251,71.505021,https://2gis.com/firm/70000001093103840
Er-Style,барбершоп,Барбершопы,"улица Сауран, 14",,,,Есиль район,Астана,,Астана,Казахстан,Пн: 10:00-22:00; Вт: 10:00-22:00; Ср: 10:00-22:00; Чт: 10:00-22:00; Пт: 10:00-22:00; Сб: 10:00-22:00; Вс: 10:00-22:00 (по предварительной записи),+05:00,5.0,39,87009628919,87074901992,87773234101,,,,,,,https://wa.me/77009628919,,,,,,51.116829,71.420237,https://2gis.com/firm/70000001103744229
Zanggar.kz,барбершоп,Барбершопы,"проспект Бауыржан Момышулы, 10/1",,,Юго-Восток (правая сторона) ж/м,Алматы район,Астана,,Астана,Казахстан,Пн: 10:00-20:00; Вт: 10:00-20:00; Ср: 10:00-20:00; Чт: 10:00-20:00; Сб: 10:00-20:00; Вс: 10:00-20:00,+05:00,4.9,154,87022875297,,,,http://zanggar.kz,,https://instagram.com/zanggar.kz_barbershop,https://facebook.com/zanggar.kz.barbershop,,https://wa.me/77022875297,,,,,https://youtube.com/channel/UCdDofPW6ESqLw_in1IUjlJg,51.138905,71.476794,https://2gis.com/firm/70000001055512953
Chicago,барбершоп,Барбершопы,"улица Бердибек Сокпакбаев, 5",ВП: 11,,,Сарыарка район,Астана,,Астана,Казахстан,Пн: 10:00-22:00; Вт: 10:00-22:00; Ср: 10:00-22:00; Чт: 10:00-22:00; Пт: 10:00-22:00; Сб: 10:00-22:00; Вс: 10:00-22:00,+05:00,4.5,176,87017772437,,,,,,https://instagram.com/barbershop_chicago_,,,https://wa.me/77017772437,,,,,,51.171845,71.399747,https://2gis.com/firm/70000001043420396
Brutal,,Барбершопы,"улица Кенесары, 4Б",1 этаж,,,Сарыарка район,Астана,,Астана,Казахстан,Пн: 10:00-21:00; Вт: 10:00-21:00; Ср: 10:00-21:00; Чт: 10:00-21:00; Пт: 10:00-21:00; Сб: 10:00-21:00; Вс: 10:00-21:00,+05:00,5.0,156,87718450808,,,,,,https://instagram.com/brutal.barber.bekzat,,,https://wa.me/77718450808,,,,,,51.160959,71.402604,https://2gis.com/firm/70000001066639646
NewYork,,Барбершопы,"улица Кенесары, 45",,,,Байконыр район,Астана,,Астана,Казахстан,Пн: 10:00-24:00; Вт: 10:00-24:00; Ср: 10:00-24:00; Чт: 10:00-24:00; Пт: 10:00-24:00; Сб: 10:00-24:00; Вс: 10:00-24:00,+05:00,4.9,140,87074326271,,,,,,,,,https://wa.me/77074326271,,,,,,51.165965,71.429135,https://2gis.com/firm/70000001099961453
GQ,,Барбершопы,"Керей, Жанибек хандар улица, 28",,,,Есиль район,Астана,,Астана,Казахстан,"Пн: 10:00-13:00, 14:00-20:00; Вт: 10:00-13:00, 14:00-20:00; Ср: 10:00-13:00, 14:00-20:00; Чт: 10:00-13:00, 14:00-20:00; Пт: 10:00-13:00, 14:00-20:00; Сб: 10:00-13:00, 14:00-20:00; Вс: 10:00-13:00, 14:00-20:00",+05:00,4.2,49,87027468588,87753178799,,,,,https://instagram.com/barber___nurlan,,,https://wa.me/77027468588,,,,,,51.112265,71.436224,https://2gis.com/firm/70000001037731707
Mesto barbers,,Барбершопы,"улица Жошы хан, 1/1",,,,Есиль район,Астана,,Астана,Казахстан,Пн: 11:00-21:00; Вт: 11:00-21:00; Ср: 11:00-21:00; Чт: 11:00-21:00; Пт: 11:00-21:00; Сб: 11:00-21:00; Вс: 11:00-21:00 (по предварительной записи),+05:00,5.0,2,,,,,,,https://instagram.com/mesto.barbers,,,https://wa.me/77717929030,,,,,,51.09656,71.435656,https://2gis.com/firm/70000001103642172
X Town,барбершоп,Барбершопы,"улица Азильхан Нуршаихов, 6/1",,,,Нура район,Астана,,Астана,Казахстан,Пн: 11:00-22:00; Вт: 11:00-22:00; Ср: 11:00-22:00; Чт: 11:00-22:00; Пт: 11:00-22:00; Сб: 11:00-22:00; Вс: 11:00-22:00,+05:00,4.9,56,87071733113,,,,,,,,,https://wa.me/77071733113,,,,,,51.12917,71.361771,https://2gis.com/firm/70000001093042967
CROP Barbershop,,Барбершопы; Обучение мастеров для салонов красоты,"улица Маншук Маметовой, 2/1",,,,Нура район,Астана,,Астана,Казахстан,Пн: 10:00-21:00; Вт: 10:00-21:00; Ср: 10:00-21:00; Чт: 10:00-21:00; Пт: 10:00-21:00; Сб: 10:00-21:00; Вс: 10:00-21:00,+05:00,5.0,5,87066669191,,,,http://crop-online.kz,,https://instagram.com/crop.barbershop,,,https://wa.me/77066669191,,,,,,51.128158,71.376042,https://2gis.com/firm/70000001104374889
Vip_barber_studio_,,Барбершопы,"проспект Мангилик Ел, 38",цокольный этаж,,,Есиль район,Астана,,Астана,Казахстан,Ср: 11:00-21:00; Чт: 11:00-21:00; Пт: 11:00-21:00; Сб: 11:00-21:00; Вс: 11:00-21:00 (по предварительной записи),+05:00,5.0,3,87052125830,,,,,,https://instagram.com/vip_barber_studio_,,,https://wa.me/77052125830,,,,,,51.104499,71.431968,https://2gis.com/firm/70000001097213868
Logovo,,Барбершопы,"улица Шамши Калдаяков, 23",,,,Сарайшык район,Астана,,Астана,Казахстан,Пн: 10:00-22:00; Вт: 10:00-22:00; Ср: 10:00-22:00; Чт: 10:00-22:00; Пт: 10:00-22:00; Сб: 10:00-22:00; Вс: 10:00-22:00,+05:00,,,87478108738,,,d-kz@mail.ru,http://taplink.cc/logovo,,https://instagram.com/barbershop.logovo,,,https://wa.me/77478108738,,,,,,51.115031,71.484502,https://2gis.com/firm/70000001104831940
Erbolat Meirman,,Барбершопы,"улица Кенжебек Кумисбеков, 2п",,,,Сарыарка район,Астана,,Астана,Казахстан,Пн: 10:00-20:00; Вт: 10:00-20:00; Ср: 10:00-20:00; Чт: 10:00-20:00; Пт: 10:00-20:00; Сб: 10:00-20:00; Вс: 10:00-20:00,+05:00,4.7,60,87786109599,,,,,,https://instagram.com/erbolat.meirman,,,https://wa.me/77786109599,,,,,,51.16343,71.401549,https://2gis.com/firm/70000001067244726
Shoms_ik,кабинет барбера,Барбершопы,"улица Анет баба, 2",в салоне ES.Body,,,Нура район,Астана,,Астана,Казахстан,Вт: 11:00-21:00; Ср: 11:00-21:00; Чт: 11:00-21:00; Пт: 11:00-21:00; Сб: 11:00-21:00; Вс: 11:00-21:00 (по предварительной записи),+05:00,5.0,37,87073345152,,,,,,https://instagram.com/shoms_ik,,,https://wa.me/77073345152,,,,,,51.131377,71.384304,https://2gis.com/firm/70000001101405894
King room,барбершоп,Барбершопы,"улица Кенжебек Кумисбеков, 3а",,,,Сарыарка район,Астана,,Астана,Казахстан,Пн: 11:00-21:00; Вт: 11:00-21:00; Ср: 11:00-21:00; Чт: 11:00-21:00; Пт: 11:00-21:00; Сб: 11:00-21:00; Вс: 11:00-21:00,+05:00,5.0,406,87788923898,,,,http://n1310347.alteg.io/,,https://instagram.com/barbershop_king_room,,,https://wa.me/77788923898,,,,,,51.166259,71.398921,https://2gis.com/firm/70000001052577316
Express,барбершоп,Барбершопы; Массажист,"улица Сыганак, 47",103 офис; 1 этаж,,,Есиль район,Астана,,Астана,Казахстан,"Пн: 09:00-20:00; Вт: 09:00-20:00; Ср: 09:00-20:00; Чт: 09:00-20:00; Пт: 09:00-20:00; Сб: 09:00-20:00; Вс: 09:00-20:00 (по предварительной записи: сб, вс)",+05:00,4.7,47,87029971851,,,,,,https://instagram.com/express_barber_shop_,,,https://wa.me/77029971851,,,,,,51.123185,71.434374,https://2gis.com/firm/70000001044993275
Aydosoff,барбершоп,Барбершопы,"улица Жумекен Нажимеденов, 17",,,,Сарайшык район,Астана,,Астана,Казахстан,Пн: 10:00-20:00; Вт: 10:00-20:00; Ср: 10:00-20:00; Чт: 10:00-20:00; Пт: 10:00-20:00; Сб: 10:00-20:00; Вс: 10:00-20:00 (по предварительной записи),+05:00,5.0,27,87089092469,,,,http://n1375600.alteg.io,,,,,https://wa.me/77089092469,,,,,,51.113464,71.513365,https://2gis.com/firm/70000001103709336
as_barber_salon,барбершоп,Барбершопы,"улица Сыганак, 1Б",2 этаж,,Жагалау-3 жилой комплекс,Нура район,Астана,,Астана,Казахстан,Пн: 10:00-21:00; Вт: 10:00-21:00; Ср: 10:00-21:00; Чт: 10:00-21:00; Пт: 10:00-21:00; Сб: 10:00-21:00; Вс: 10:00-21:00,+05:00,4.6,41,87757000600,,,,,,https://instagram.com/as_barber_salon,,,https://wa.me/77757000600,,,,,,51.132341,71.366835,https://2gis.com/firm/70000001101154810
BarberTon,,Барбершопы,"улица Шолпан Иманбаевой, 5а",цокольный этаж,,,Байконыр район,Астана,,Астана,Казахстан,Вт: 10:00-20:00; Ср: 10:00-20:00; Чт: 10:00-20:00; Пт: 10:00-20:00; Сб: 10:00-20:00; Вс: 10:00-20:00,+05:00,5.0,110,87011551555,,,,http://dkd.su/969802/s/9478260,,https://instagram.com/barberton_astana,,,https://wa.me/77011551555,,,,,,51.16133,71.434467,https://2gis.com/firm/70000001069364421
Barber Sako,,Барбершопы,"Аль-Фараби проспект, 4",2 этаж,,,Есиль район,Астана,,Астана,Казахстан,Пн: 10:00-22:00; Вт: 10:00-22:00; Ср: 10:00-22:00; Чт: 10:00-22:00; Пт: 10:00-22:00; Сб: 10:00-22:00; Вс: 10:00-22:00,+05:00,4.2,9,87755037173,,,,,,https://instagram.com/barber.sako,,,https://wa.me/77755037173,,,,,,51.101647,71.454239,https://2gis.com/firm/70000001096088203
Barber Shyngys,,Барбершопы,"улица Динмухамед Конаев, 7",цокольный этаж,,,Есиль район,Астана,,Астана,Казахстан,Пн: 10:00-22:00; Вт: 10:00-22:00; Ср: 10:00-22:00; Чт: 10:00-22:00; Пт: 10:00-22:00; Сб: 10:00-22:00; Вс: 10:00-22:00,+05:00,5.0,11,87785402840,,,,,,,,,https://wa.me/77785402840,,,,,,51.133455,71.421251,https://2gis.com/firm/70000001088212835
Myrza,,Барбершопы,"проспект Нургиса Тлендиева, 15",126 бутик; 1 этаж,,,Сарыарка район,Астана,,Астана,Казахстан,Пн: 10:00-21:00; Вт: 10:00-21:00; Ср: 10:00-21:00; Чт: 10:00-21:00; Пт: 10:00-21:00; Сб: 10:00-21:00; Вс: 10:00-21:00,+05:00,4.8,213,87007492694,,,,http://zapis.kz/barber-myrza,,https://instagram.com/myrza.barbershop,,,https://wa.me/77007492694,,,,,,51.17973,71.377564,https://2gis.com/firm/70000001083966359
Style man,кабинет парикмахера,Барбершопы,"проспект Улы Дала, 47/1",вход в салон Buyym,,,Есиль район,Астана,,Астана,Казахстан,Пн: 10:00-20:00; Вт: 10:00-20:00; Ср: 10:00-20:00; Чт: 10:00-20:00; Пт: 10:00-20:00; Сб: 10:00-20:00; Вс: 10:00-20:00 (по предварительной записи),+05:00,5.0,7,87025475907,,,,,,,,,https://wa.me/77025475907,,,,,,51.097314,71.4254,https://2gis.com/firm/70000001103272782
Барбершоп,,Барбершопы,"проспект Абылай хана, 54а",напротив лифта,,Юго-Восток (правая сторона) ж/м,Алматы район,Астана,,Астана,Казахстан,Пн: 10:00-20:00; Вт: 10:00-20:00; Ср: 10:00-20:00; Чт: 10:00-20:00; Пт: 10:00-20:00; Сб: 10:00-20:00; Вс: 10:00-20:00,+05:00,5.0,130,87021117525,,,,http://tiktok.com/@barbershop0040,,https://instagram.com/barber_astana111,,,https://wa.me/77021117525,,,,,,51.144952,71.509868,https://2gis.com/firm/70000001035168931
Aitmen,барбершоп,Барбершопы,"улица Караменде би Шакаулы, 16",1 этаж,,,Сарыарка район,Астана,,Астана,Казахстан,Пн: 10:00-22:00; Вт: 10:00-22:00; Ср: 10:00-22:00; Чт: 10:00-22:00; Пт: 10:00-22:00; Сб: 10:00-22:00; Вс: 10:00-22:00,+05:00,5.0,338,87055155719,,,support@aitmen.kz,http://zapis.kz/barbershop-aitmen,,https://instagram.com/aitmen_barbershop,,,https://wa.me/77055155719,,,,,,51.173996,71.36986,https://2gis.com/firm/70000001090095962
Modern,барбершоп,Барбершопы,"проспект Туран, 37",цокольный этаж,,,Нура район,Астана,,Астана,Казахстан,Пн: 10:00-22:00; Вт: 10:00-22:00; Ср: 10:00-22:00; Чт: 10:00-22:00; Пт: 10:00-22:00; Сб: 10:00-22:00; Вс: 10:00-22:00,+05:00,4.3,17,87021581096,,,,,,https://instagram.com/modern004,,,https://wa.me/77021581096,,,,,,51.132299,71.403991,https://2gis.com/firm/70000001065457924
Tau,барбершоп,Барбершопы,"улица Култегин, 17",НП: 2,,,Нура район,Астана,,Астана,Казахстан,Пн: 09:00-21:00; Вт: 09:00-21:00; Ср: 09:00-21:00; Чт: 09:00-21:00; Пт: 09:00-21:00; Сб: 09:00-21:00; Вс: 09:00-21:00,+05:00,4.6,10,87787800810,,,,,,,,,https://wa.me/77780991349,,,,,,51.137609,71.373816,https://2gis.com/firm/70000001104288636
Bvb,барбершоп,Барбершопы,"улица Ыкылас Дукенулы, 37/2",,,,Сарыарка район,Астана,,Астана,Казахстан,Пн: 12:00-24:00; Вт: 12:00-24:00; Чт: 12:00-24:00; Пт: 12:00-24:00; Сб: 12:00-24:00; Вс: 12:00-24:00,+05:00,5.0,35,87764572408,,,,,,https://instagram.com/bvb.barbershop,,,https://wa.me/77764572408,,,,,,51.182797,71.438814,https://2gis.com/firm/70000001088785973
Spirito Royal,барбершоп,Барбершопы,"Кабанбай батыр проспект, 58а",5 офис; ВП: 5,,,Есиль район,Астана,,Астана,Казахстан,Пн: 10:00-21:00; Вт: 10:00-21:00; Ср: 10:00-21:00; Чт: 10:00-21:00; Пт: 10:00-21:00; Сб: 10:00-21:00; Вс: 10:00-21:00,+05:00,4.8,599,87012181919,,,,,,https://instagram.com/spiritoroyal.barbershop,,,https://wa.me/77012181919,,,,,,51.096429,71.406372,https://2gis.com/firm/70000001030593320
Classic man,,Барбершопы; Обучение мастеров для салонов красоты,"Кабанбай батыр проспект, 58Б корпус 7",,,,Есиль район,Астана,,Астана,Казахстан,Пн: 10:00-20:00; Ср: 10:00-20:00; Чт: 10:00-20:00; Пт: 10:00-20:00; Сб: 10:00-20:00; Вс: 10:00-20:00 (по предварительной записи),+05:00,4.9,89,87767799533,,,,,,https://instagram.com/birnazarov_erbolsyn,,,https://wa.me/77767799533,,,,,,51.094296,71.409482,https://2gis.com/firm/70000001046981649
NewYork,,Барбершопы,"улица Ахмет Байтурсынулы, 47",,,,Сарайшык район,Астана,,Астана,Казахстан,Пн: 10:00-24:00; Вт: 10:00-24:00; Ср: 10:00-24:00; Чт: 10:00-24:00; Пт: 10:00-24:00; Сб: 10:00-24:00; Вс: 10:00-24:00,+05:00,5.0,76,87071540851,,,,,,,,,https://wa.me/77071540851,,,,,,51.118159,71.512402,https://2gis.com/firm/70000001103265219
Azr,барбершоп,Барбершопы,"проспект Нургиса Тлендиева, 12",,,Агрогородок м-н,Сарыарка район,Астана,,Астана,Казахстан,Пн: 09:00-01:00; Вт: 09:00-01:00; Ср: 09:00-01:00; Чт: 09:00-01:00; Пт: 09:00-01:00; Сб: 09:00-01:00; Вс: 09:00-01:00,+05:00,4.9,163,87081624874,,,,,,https://instagram.com/a.z.r.barbershop,,,https://wa.me/77081624874,,,,,,51.180585,71.38012,https://2gis.com/firm/70000001097225295
Svoy bro,,Барбершопы,"улица Сыганак, 5",цокольный этаж,,,Нура район,Астана,,Астана,Казахстан,Пн: 11:00-20:00; Вт: 11:00-20:00; Ср: 11:00-20:00; Чт: 11:00-20:00; Пт: 11:00-20:00; Сб: 11:00-20:00; Вс: 11:00-20:00,+05:00,4.9,42,87759126654,,,,,,,,,https://wa.me/77759126654,,,,,,51.13106,71.362922,https://2gis.com/firm/70000001046912609
Stilist,,Барбершопы,"улица Бердибек Сокпакбаев, 16",цокольный этаж,,,Сарыарка район,Астана,,Астана,Казахстан,Пн: 09:00-21:00; Вт: 09:00-21:00; Ср: 09:00-21:00; Чт: 09:00-21:00; Пт: 09:00-21:00; Сб: 09:00-21:00; Вс: 09:00-21:00 (по предварительной записи),+05:00,5.0,67,87054502053,,,,,,https://instagram.com/barber_akif,,,https://wa.me/77054502053,,,,https://t.me/+77054502053,,51.173012,71.388864,https://2gis.com/firm/70000001069393384
Barber Point,,Барбершопы,"улица Чингиз Айтматов, 77/8",НП: 2,,,Нура район,Астана,,Астана,Казахстан,Вт: 10:00-21:00; Ср: 10:00-21:00; Чт: 10:00-21:00; Пт: 10:00-21:00; Сб: 10:00-21:00; Вс: 10:00-21:00,+05:00,4.7,82,87053302659,,,,,,https://instagram.com/barbershop_point_ast,,,https://wa.me/77053302659,,,,,,51.166472,71.371726,https://2gis.com/firm/70000001098835127
Turan,барбершоп,Барбершопы,"улица Сакена Сейфуллина, 9",,,,Сарыарка район,Астана,,Астана,Казахстан,Пн: 10:00-23:00; Вт: 10:00-23:00; Ср: 10:00-23:00; Чт: 10:00-23:00; Пт: 10:00-23:00; Сб: 10:00-23:00; Вс: 10:00-23:00,+05:00,5.0,81,87025666626,,,,,,,,,https://wa.me/77025666626,,,,,,51.169162,71.404928,https://2gis.com/firm/70000001093624736
Salta,салон красоты,Барбершопы; Парикмахерские; Ногтевые студии; Эпиляция,"улица Жумекен Нажимеденов, 64",,,,Сарайшык район,Астана,,Астана,Казахстан,Пн: 10:00-20:00; Вт: 10:00-20:00; Ср: 10:00-20:00; Чт: 10:00-20:00; Пт: 10:00-20:00; Сб: 10:00-20:00; Вс: 10:00-20:00 (по предварительному звонку),+05:00,4.9,59,87009203030,,,,,,https://instagram.com/salta_beauty_salon,,,https://wa.me/77009203030,,,,,,51.107963,71.539949,https://2gis.com/firm/70000001098081450
Union,,Барбершопы; Обучение мастеров для салонов красоты,"улица Кенесары, 4",2 этаж,,,Сарыарка район,Астана,,Астана,Казахстан,Пн: 10:00-20:00; Вт: 10:00-20:00; Ср: 10:00-20:00; Чт: 10:00-20:00; Пт: 10:00-20:00; Сб: 10:00-20:00; Вс: 10:00-20:00,+05:00,4.5,8,87773533355,,,,,,https://instagram.com/esbarbershop,,https://vk.com/esbarbershop,https://wa.me/77773533355,,,viber://chat/?number=77773533355,https://t.me/esbarbershop,,51.161762,71.401466,https://2gis.com/firm/70000001052611887
Malavita,барбершоп,Барбершопы; Обучение мастеров для салонов красоты,"проспект Улы Дала, 31",,,,Нура район,Астана,,Астана,Казахстан,Пн: 12:00-21:00; Вт: 12:00-21:00; Ср: 12:00-21:00; Чт: 12:00-21:00; Пт: 12:00-21:00; Сб: 12:00-21:00; Вс: 12:00-21:00,+05:00,4.7,57,,,,,,,,,,https://wa.me/77771381920,,,,,,51.100386,71.399698,https://2gis.com/firm/70000001078907322
04,барбершоп,Барбершопы,"улица Кайым Мухамедханов, 20",,,,Нура район,Астана,,Астана,Казахстан,Пн: 11:00-21:00; Вт: 11:00-21:00; Ср: 11:00-21:00; Чт: 11:00-21:00; Пт: 11:00-21:00; Сб: 11:00-21:00; Вс: 11:00-21:00,+05:00,4.2,13,,,,,,,,,,https://wa.me/77782905640,,,,,,51.14245,71.366327,https://2gis.com/firm/70000001080344235
Beauty stars,,Барбершопы,"проспект Улы Дала, 67",,,,Есиль район,Астана,,Астана,Казахстан,Пн: 10:00-20:00; Вт: 10:00-20:00; Ср: 10:00-20:00; Чт: 10:00-20:00; Пт: 10:00-20:00; Сб: 10:00-20:00; Вс: 10:00-20:00,+05:00,,,87084254455,,,,http://zapis.kz/beauty-stars,,https://instagram.com/beauty_stars_ns,,,https://wa.me/77084254455,,,,,,51.093537,71.444043,https://2gis.com/firm/70000001104143154
Arman,барбершоп,Барбершопы,"Алиби Жангельдина улица, 42",27 бутик; 1 этаж,,,Байконыр район,Астана,,Астана,Казахстан,Пн: 09:00-19:00; Вт: 10:00-20:00; Ср: 10:00-20:00; Чт: 10:00-20:00; Пт: 10:00-20:00; Сб: 10:00-20:00; Вс: 10:00-20:00,+05:00,4.8,49,87073074352,,,,,,https://instagram.com/kaliakparov.arman,,,https://wa.me/77073074352,,,,https://t.me/+77073074352,,51.175062,71.433046,https://2gis.com/firm/70000001053434645
barber_janyl,,Барбершопы,"проспект Женис, 5",,,,Сарыарка район,Астана,,Астана,Казахстан,Пн: 13:00-21:00; Вт: 13:00-21:00; Ср: 13:00-21:00; Чт: 13:00-21:00; Пт: 13:00-21:00 (по предварительной записи),+05:00,4.6,9,87024155549,,,,,,https://instagram.com/barber_janyl,,,https://wa.me/77024155549,,,,,,51.161312,71.414629,https://2gis.com/firm/70000001043765510
Барбершоп,,Барбершопы,"Алиби Жангельдина улица, 27/8а",,,,Байконыр район,Астана,,Астана,Казахстан,Пн: 10:00-22:00; Вт: 10:00-22:00; Ср: 10:00-22:00; Чт: 10:00-22:00; Пт: 10:00-22:00; Сб: 10:00-22:00; Вс: 10:00-22:00,+05:00,5.0,12,87078578008,87474718361,,,,,https://instagram.com/elegant_calon,,,https://wa.me/77474718361,,,,,,51.175257,71.429732,https://2gis.com/firm/70000001104513061
Барбершоп,,Барбершопы,"Алиби Жангельдина улица, 42",26 бутик; 1 этаж,,,Байконыр район,Астана,,Астана,Казахстан,Пн: 10:00-20:00; Вт: 10:00-20:00; Ср: 10:00-20:00; Чт: 10:00-20:00; Пт: 10:00-20:00; Сб: 10:00-20:00; Вс: 10:00-20:00,+05:00,5.0,8,87023846763,,,,,,https://instagram.com/nur___barber,,,https://wa.me/77023846763,,,,,,51.17537,71.433452,https://2gis.com/firm/70000001023440903
Барбершоп,,Барбершопы,"Алиби Жангельдина улица, 21/8Б",,,,Байконыр район,Астана,,Астана,Казахстан,Пн: 10:00-22:00; Вт: 10:00-22:00; Ср: 10:00-22:00; Чт: 10:00-22:00; Пт: 10:00-22:00; Сб: 10:00-22:00; Вс: 10:00-22:00,+05:00,5.0,15,87007305868,,,,,,,,,https://wa.me/77007305868,,,,,,51.175357,71.429698,https://2gis.com/firm/70000001104533865
Барбершоп,,Барбершопы,"улица Илияса Есенберлина, 11",,,,Сарыарка район,Астана,,Астана,Казахстан,Пн: 09:30-21:00; Вт: 09:30-21:00; Ср: 09:30-21:00; Чт: 09:30-21:00; Пт: 09:30-21:00; Сб: 09:30-21:00; Вс: 09:30-21:00,+05:00,4.3,23,87024131533,,,,,,https://instagram.com/begalinov777,,,https://wa.me/77053427527,,,,,,51.190993,71.408615,https://2gis.com/firm/70000001082659917
Nursbarber,барбершоп,Барбершопы,"Кабанбай батыр проспект, 7/1",внутри салона красоты Nail Expert,,,Нура район,Астана,,Астана,Казахстан,Пн: 11:00-21:00; Ср: 11:00-21:00; Чт: 10:00-21:00; Пт: 11:00-21:00; Сб: 10:00-21:00; Вс: 10:00-21:00,+05:00,5.0,12,87025450205,,,,http://n129157.alteg.io,,https://instagram.com/nursbarber,,,https://wa.me/77025450205,,,,,https://youtube.com/nursbarber,51.14363,71.416479,https://2gis.com/firm/70000001102357247
Barbershop_sezar,,Барбершопы,"улица Сафуан Шаймерденов, 3 стр",,,,Сарайшык район,Астана,,Астана,Казахстан,Пн: 10:00-22:00; Вт: 10:00-22:00; Ср: 10:00-22:00; Чт: 10:00-22:00; Пт: 10:00-22:00; Сб: 10:00-22:00; Вс: 10:00-22:00,+05:00,5.0,6,87474283680,,,,,,https://instagram.com/sezar_barbershop,,,https://wa.me/77474283680,,,,,,51.112391,71.539978,https://2gis.com/firm/70000001103630919
Барбершоп,,Барбершопы,"переулок Кобда, 2/1",А9 бутик; 1 этаж,,,Сарайшык район,Астана,,Астана,Казахстан,Пн: 10:00-19:00; Вт: 10:00-19:00; Ср: 10:00-19:00; Чт: 10:00-19:00; Пт: 10:00-19:00; Сб: 10:00-19:00 (по предварительной записи),+05:00,3.8,9,87773625582,,,,,,,,,https://wa.me/77773625582,,,,,,51.137933,71.531446,https://2gis.com/firm/70000001065410180
Craft,,Барбершопы,"улица Кайым Мухамедханов, 23",цокольный этаж,,,Нура район,Астана,,Астана,Казахстан,Пн: 11:00-22:00; Вт: 11:00-22:00; Ср: 11:00-22:00; Чт: 11:00-22:00; Пт: 11:00-22:00; Сб: 11:00-22:00; Вс: 11:00-22:00,+05:00,4.9,153,87753205929,,,,,,https://instagram.com/craft_astanaa,,,https://wa.me/77753205929,,,,,,51.142212,71.378683,https://2gis.com/firm/70000001083673766
Bros,барбершоп,Барбершопы,"улица Лесная поляна, 21",,,Лесная поляна м-н,,Косшы,Косшы городская администрация,Акмолинская область,Казахстан,Пн: 10:00-21:00; Вт: 10:00-21:00; Ср: 10:00-21:00; Чт: 10:00-21:00; Пт: 10:00-21:00; Сб: 10:00-21:00; Вс: 10:00-21:00,+05:00,4.9,94,87782979628,,,,,,https://instagram.com/bros_barbershop2025,,,https://wa.me/77782979628,,,,,,51.002421,71.369742,https://2gis.com/firm/70000001101056243
Family,барбершоп,Барбершопы,"улица Лесная поляна, 12",цокольный этаж; ВП: 11а,,Лесная поляна м-н,,Косшы,Косшы городская администрация,Акмолинская область,Казахстан,Пн: 11:00-20:00; Вт: 11:00-20:00; Ср: 11:00-20:00; Чт: 11:00-20:00; Пт: 11:00-20:00; Сб: 11:00-20:00; Вс: 11:00-20:00,+05:00,4.9,137,87000940101,,,,,,https://instagram.com/barbershop_family,,,https://wa.me/77000940101,,,,,,51.001287,71.370377,https://2gis.com/firm/70000001032380412
Aitmen,барбершоп,Барбершопы,"улица Республики, 156",,,,,Косшы,Косшы городская администрация,Акмолинская область,Казахстан,Пн: 10:00-22:00; Вт: 10:00-22:00; Ср: 10:00-22:00; Чт: 10:00-22:00; Пт: 10:00-22:00; Сб: 10:00-22:00; Вс: 10:00-22:00,+05:00,5.0,416,87773933946,,,support@aitmen.kz,http://zapis.kz/salon/11793,,https://instagram.com/aitmen_barbershop,,,https://wa.me/77773933946,,,,,,50.963226,71.350051,https://2gis.com/firm/70000001083426007
