Наименование,Описание,Рубрики,Адрес,Комментарий к адресу,Почтовый индекс,Микрорайон,Район,Город,Округ,Регион,Страна,Часы работы,Часовой пояс,Рейтинг,Количество отзывов,Телефон 1,Телефон 2,Телефон 3,E-mail 1,E-mail 2,E-mail 3,Веб-сайт 1,Веб-сайт 2,Веб-сайт 3,Instagram 1,Instagram 2,Instagram 3,Twitter 1,Twitter 2,Twitter 3,Facebook 1,Facebook 2,Facebook 3,ВКонтакте 1,ВКонтакте 2,ВКонтакте 3,WhatsApp 1,WhatsApp 2,WhatsApp 3,Viber 1,Viber 2,Viber 3,Telegram 1,Telegram 2,Telegram 3,YouTube 1,YouTube 2,YouTube 3,Skype 1,Skype 2,Skype 3,Широта,Долгота,2GIS URL
Bloom Room Cafe,,Рестораны; Доставка еды,"проспект Туран, 52",,,,Нура район,Астана,,Астана,Казахстан,Пн: 08:00-24:00; Вт: 08:00-24:00; Ср: 08:00-24:00; Чт: 08:00-24:00; Пт: 08:00-24:00; Сб: 08:00-24:00; Вс: 08:00-24:00,+05:00,4.6,1607,87057774440,,,,,,http://drive.google.com/file/d/1K5XT-Cb8lGWpkJLnsRa6yEptvFQOipv8/view,,,https://instagram.com/bloomroom.cafe,,,,,,,,,,,,https://wa.me/77057774440,,,,,,,,,,,,,,,51.10557,71.397607,https://2gis.com/firm/70000001080574946
Taiyo,бар,Рестораны; Бары,"улица Достык, 4",,,,Нура район,Астана,,Астана,Казахстан,Пн: 00:00-24:00; Вт: 00:00-24:00; Ср: 00:00-24:00; Чт: 00:00-24:00; Пт: 00:00-24:00; Сб: 00:00-24:00; Вс: 00:00-24:00,+05:00,4.5,813,87761116633,,,,,,,,,https://instagram.com/taiyo.bar,,,,,,,,,,,,https://wa.me/77761116633,,,,,,,,,,,,,,,51.128981,71.408371,https://2gis.com/firm/70000001090104472
Bitanga,ресторан современной украинской кухни,Рестораны,"Кабанбай батыр проспект, 62",2 этаж,,,Есиль район,Астана,,Астана,Казахстан,Пн: 10:00-24:00; Вт: 10:00-24:00; Ср: 10:00-24:00; Чт: 10:00-24:00; Пт: 10:00-24:00; Сб: 10:00-24:00; Вс: 10:00-24:00,+05:00,4.7,134,87058538888,,,bitanga.astana@fruitstreetprojects.com,,,,,,https://instagram.com/bitanga.megasilkway,,,,,,,,,,,,https://wa.me/77058538888,,,,,,,,,,,,,,,51.089745,71.404674,https://2gis.com/firm/70000001082427021
Шашлыкоff,ресторан,Рестораны,"улица Мухтара Ауэзова, 43",,,,Сарыарка район,Астана,,Астана,Казахстан,Пн: 12:00-02:00; Вт: 12:00-02:00; Ср: 12:00-02:00; Чт: 12:00-02:00; Пт: 12:00-04:00; Сб: 12:00-04:00; Вс: 12:00-02:00 (служба доставки: вс-чт 12:00-1:00; пт-сб 12:00-2:30),+05:00,4.9,120,87475431313 (служба бронирования),87475504343 (служба доставки),,sh_astana2@mail.ru,,,http://evgeniyvolkov.com/pano/shashlikoff2/index.html,,,https://instagram.com/shashlikoff_kz,,,,,,https://facebook.com/shashlikoffAstana,,,https://vk.com/shashlikoff_kz,,,https://wa.me/77475431313,,,,,,,,,,,,,,,51.180949,71.420248,https://2gis.com/firm/70000001069460115
La Mia Piazza,,Рестораны; Пиццерии,"проспект Туран, 22/1",1 этаж,,,Нура район,Астана,,Астана,Казахстан,Пн: 12:00-24:00; Вт: 12:00-24:00; Ср: 12:00-24:00; Чт: 12:00-24:00; Пт: 12:00-02:00; Сб: 12:00-02:00; Вс: 12:00-24:00,+05:00,4.7,1831,87010225022,,,lamiapiazza21@gmail.com,,,,,,https://instagram.com/la_mia_piazza,,,,,,,,,,,,https://wa.me/77010225022,,,,,,,,,,,,,,,51.139474,71.410233,https://2gis.com/firm/70000001055933855
Okadzaki.kz,кафе,Рестораны; Доставка еды; Суши-бары; Кафе; Пиццерии; Быстрое питание,"улица Кенжебек Кумисбеков, 2",,,,Сарыарка район,Астана,,Астана,Казахстан,Пн: 00:00-24:00; Вт: 00:00-24:00; Ср: 00:00-24:00; Чт: 00:00-24:00; Пт: 00:00-24:00; Сб: 00:00-24:00; Вс: 00:00-24:00,+05:00,4.5,2524,87004349183,87773333333 (служба доставки: круглосуточно),,okadzaki.kz@mail.ru,,,http://okadzaki.kz,,,https://instagram.com/okadzaki.kz,,,,,,,,,,,,https://wa.me/77004349183,,,,,,https://t.me/+77773333333,,,,,,,,,51.16257,71.401091,https://2gis.com/firm/70000001063838349
Taifa,ресторан,Рестораны; Доставка еды; Кафе,"улица Манатау, 29",,,Қараөткел ж/м,Алматы район,Астана,,Астана,Казахстан,Пн: 11:00-23:00; Вт: 11:00-23:00; Ср: 11:00-23:00; Чт: 11:00-23:00; Пт: 11:00-23:00; Сб: 11:00-23:00; Вс: 11:00-23:00,+05:00,4.9,517,87007283828,87714070379,,taifafood@inbox.ru,,,,,,https://instagram.com/taifa.food,,,,,,,,,,,,https://wa.me/77714070379,,,,,,,,,,,,,,,51.140929,71.479771,https://2gis.com/firm/70000001090338081
The Moon,лаундж-бар,Рестораны; Бары; Караоке-залы,"улица Акмешит, 1 блок 6",,,Заречное ж/м,Есиль район,Астана,,Астана,Казахстан,Пн: 17:00-07:00; Вт: 17:00-07:00; Ср: 17:00-07:00; Чт: 17:00-07:00; Пт: 17:00-07:00; Сб: 17:00-07:00; Вс: 17:00-07:00,+05:00,4.4,353,87089177777,,,,,,,,,https://instagram.com/themoon.astana,,,,,,,,,,,,https://wa.me/77089177777,,,,,,,,,,,,,,,51.121149,71.424089,https://2gis.com/firm/70000001088180882
Arnau,ресторан,Рестораны,"проспект Туран, 30",2 этаж,,,Нура район,Астана,,Астана,Казахстан,Пн: 12:00-24:00; Вт: 12:00-24:00; Ср: 12:00-24:00; Чт: 12:00-24:00; Пт: 12:00-24:00; Сб: 12:00-24:00; Вс: 12:00-24:00,+05:00,4.8,422,87172279111,87011000704,,,,,http://satgroup.kz,http://arnau-restaurant.kz,,https://instagram.com/arnau_rest,,,,,,https://facebook.com/profile.php?id=61556904403552,,,,,,https://wa.me/77011000704,,,,,,,,,,,,,,,51.128562,71.406054,https://2gis.com/firm/70000001018336720
Brewery,гриль-бар,Рестораны; Бары; Караоке-залы,"проспект Туран, 30",цокольный этаж,,,Нура район,Астана,,Астана,Казахстан,Пн: 12:00-02:00; Вт: 12:00-02:00; Ср: 12:00-02:00; Чт: 12:00-02:00; Пт: 12:00-03:00; Сб: 12:00-03:00; Вс: 12:00-02:00,+05:00,4.6,426,87172567711,87028881159,,,,,http://www.brewery.kz,,,https://instagram.com/brewery.rest,,,,,,https://facebook.com/profile.php?id=61556904403552,,,,,,https://wa.me/77028881159,,,,,,,,,,,,,,,51.128668,71.406096,https://2gis.com/firm/70000001018064401
SF,,Рестораны; Кафе; Быстрое питание; Пиццерии; Доставка еды,"улица Сыганак, 54",,,,Есиль район,Астана,,Астана,Казахстан,Пн: 00:00-24:00; Вт: 00:00-24:00; Ср: 00:00-24:00; Чт: 00:00-24:00; Пт: 00:00-24:00; Сб: 00:00-24:00; Вс: 00:00-24:00,+05:00,4.6,2644,87777888888 (служба доставки: круглосуточно),,,,,,http://shaurma-food.kz,,,https://instagram.com/sf.qaz,,,,,,,,,,,,https://wa.me/77777888888,,,,,,,,,https://youtube.com/@sf-2077,,,,,,51.123062,71.421466,https://2gis.com/firm/70000001066561173
Узбечка №1,ресторан восточной и европейской кухни,Рестораны; Доставка еды,"улица Жумекен Нажимеденов, 26",1 этаж,,,Сарайшык район,Астана,,Астана,Казахстан,Пн: 10:00-24:00; Вт: 10:00-24:00; Ср: 10:00-24:00; Чт: 10:00-24:00; Пт: 10:00-24:00; Сб: 10:00-24:00; Вс: 10:00-24:00,+05:00,4.8,881,87750690688 (служба доставки),87786891188 (отдел бронирования и информации),,,,,http://www.uzbechka1.kz,,,https://instagram.com/uzbechka__1,,,,,,,,,,,,https://wa.me/77750690688,https://wa.me/77786891188,,,,,,,,,,,,,,51.115871,71.491991,https://2gis.com/firm/70000001098700843
Park Baku,ресторан,Рестораны,"проспект Абая, 27",,,,Сарыарка район,Астана,,Астана,Казахстан,Пн: 12:00-01:00; Вт: 12:00-01:00; Ср: 12:00-01:00; Чт: 12:00-01:00; Пт: 12:00-01:00; Сб: 12:00-01:00; Вс: 12:00-01:00,+05:00,4.9,283,87077007227,,,,,,,,,https://instagram.com/parkbaku.restaurant,,,,,,,,,,,,https://wa.me/77077007227,,,,,,,,,,,,,,,51.167749,71.417562,https://2gis.com/firm/70000001097591884
Asad,ресторан,Рестораны,"улица Алексея Петрова, 21/1",,,4 м-н,Алматы район,Астана,,Астана,Казахстан,Пн: 12:00-01:00; Вт: 12:00-01:00; Ср: 12:00-01:00; Чт: 12:00-01:00; Пт: 12:00-01:00; Сб: 12:00-01:00; Вс: 12:00-01:00,+05:00,4.8,23,87007150900,,,,,,http://taplink.cc/asad_hotel?fbclid=PAZnRzaAMcq9RleHRuA2FlbQIxMQABpzxXAi-aF3GE5jUuLzLERUJFRW0i3_jOlmQHiAGZigeIOfq85BeqkSqwbs8h_aem_LQkkIMJAQqQAdcXdOMVdEQ,,,https://instagram.com/asad.astana,,,,,,,,,,,,https://wa.me/77007150900,,,,,,,,,,,,,,,51.150568,71.473122,https://2gis.com/firm/70000001103345263
Bella Ciao,ресторан итальянской кухни,Рестораны; Доставка еды,"проспект Туран, 53в",1 этаж,,,Нура район,Астана,,Астана,Казахстан,Пн: 10:00-24:00; Вт: 10:00-24:00; Ср: 10:00-24:00; Чт: 10:00-24:00; Пт: 10:00-24:00; Сб: 10:00-24:00; Вс: 10:00-24:00,+05:00,4.2,328,87751108802,,,corp@tanukifamily.kz,,,http://tanukifamily.kz/bella_chiao,,,https://instagram.com/bella_ciao_restaurant,,,,,,,,,,,,https://wa.me/77751108802,,,,,,,,,,,,,,,51.116739,71.399512,https://2gis.com/firm/70000001100876739
MeATADOR,ресторан,Рестораны; Караоке-залы; Бары,"проспект Туран, 60",1 этаж,,,Нура район,Астана,,Астана,Казахстан,Пн: 13:00-01:00; Вт: 13:00-01:00; Ср: 13:00-01:00; Чт: 13:00-02:00; Пт: 13:00-02:00; Сб: 13:00-02:00; Вс: 13:00-01:00,+05:00,4.8,777,87010326660 (ресторан ),87172516850 (ресторан),,,,,http://meatador.2gis.biz/,,,https://instagram.com/meatador_astana,,,,,,,,,,,,https://wa.me/77010326660,,,,,,,,,,,,,,,51.100816,71.396013,https://2gis.com/firm/70000001061545801
RANCH,ресторан,Рестораны; Бары; Доставка еды,"улица Жумекен Нажимеденов, 4",,,,Сарайшык район,Астана,,Астана,Казахстан,Пн: 13:00-02:00; Вт: 13:00-02:00; Ср: 13:00-02:00; Чт: 13:00-02:00; Пт: 13:00-03:00; Сб: 13:00-03:00; Вс: 13:00-02:00,+05:00,4.8,178,87020543077,,,,,,,,,https://instagram.com/ranch_nazhimedenova,,,,,,,,,,,,https://wa.me/77020543077,,,,,,,,,,,,,,,51.120284,71.459007,https://2gis.com/firm/70000001077250557
Boom Boom Room,семейный ресторан,Рестораны,"проспект Мангилик Ел, 37",,,,Есиль район,Астана,,Астана,Казахстан,Пн: 11:00-24:00; Вт: 11:00-24:00; Ср: 11:00-24:00; Чт: 11:00-24:00; Пт: 11:00-24:00; Сб: 11:00-24:00; Вс: 11:00-24:00,+05:00,4.8,4396,87080581111,,,byroglaz@mail.ru,,,,,,https://instagram.com/boomboomroom_mangilik,,,,,,,,,,,,https://wa.me/77080581111,,,,,,,,,,,,,,,51.104142,71.42798,https://2gis.com/firm/70000001022914376
Ocean Basket,ресторан морепродуктов,Рестораны; Доставка еды,"улица Сарайшык, 7",2 этаж,,,Есиль район,Астана,,Астана,Казахстан,Пн: 10:00-23:00; Вт: 10:00-23:00; Ср: 10:00-23:00; Чт: 10:00-23:00; Пт: 10:00-24:00; Сб: 10:00-24:00; Вс: 10:00-23:00 (служба доставки: пн-вс 10:00-22:30; пт-сб 10:00-23:30),+05:00,4.7,1595,87172285557,87761538980,,marketing@oceanbasket.kz,,,http://www.oceanbasket.kz,,,https://instagram.com/oceanbasket.kz,,,https://twitter.com/theoceanbasket,,,https://facebook.com/oceanbasket.kazakhstan,,,,,,https://wa.me/77010999911,,,,,,,,,,,,,,,51.13521,71.426245,https://2gis.com/firm/70000001024875195
Laliko,ресторан грузинской кухни,Рестораны,"улица Е 900, 4",НП: 9,,,Нура район,Астана,,Астана,Казахстан,Пн: 12:00-24:00; Вт: 12:00-24:00; Ср: 12:00-24:00; Чт: 12:00-24:00; Пт: 12:00-01:00; Сб: 12:00-01:00; Вс: 12:00-24:00,+05:00,4.7,106,87019958005,,,,,,,,,https://instagram.com/laliko_rest,,,,,,,,,,,,https://wa.me/77019958005,,,,,,,,,,,,,,,51.133193,71.394605,https://2gis.com/firm/70000001102949399
Gaststätte,ресторан баварской кухни,Рестораны; Бары,"проспект Женис, 2",,,,Сарыарка район,Астана,,Астана,Казахстан,Пн: 12:30-23:00; Вт: 12:30-23:00; Ср: 12:30-23:00; Чт: 12:30-23:00; Пт: 12:30-24:00; Сб: 12:30-24:00; Вс: 12:30-21:00,+05:00,4.9,237,87172995299,87015662626,87011977785,,,,,,,https://instagram.com/gaststatte_astana,,,,,,,,,,,,https://wa.me/77011977785,https://wa.me/77474442625,,,,,https://t.me/+77011977785,,,,,,,,,51.160675,71.415415,https://2gis.com/firm/70000001018067004
Syrovarnya,ресторан,Рестораны; Пиццерии; Доставка еды,"Кабанбай батыр проспект, 62",1 этаж,,,Есиль район,Астана,,Астана,Казахстан,Пн: 10:00-24:00; Вт: 10:00-24:00; Ср: 10:00-24:00; Чт: 10:00-24:00; Пт: 10:00-24:00; Сб: 10:00-24:00; Вс: 10:00-24:00,+05:00,4.7,389,87788499922,,,,,,http://www.cheese-farm.com/astana_mega,,,https://instagram.com/syrovarnya.astana,,,,,,,,,,,,https://wa.me/77788499922,,,,,,,,,,,,,,,51.089365,71.408821,https://2gis.com/firm/70000001100242484
Aura Verdant,семейный ресторан,Рестораны; Доставка еды,"улица Арай, 29а",1 этаж,,Шубар м-н,Есиль район,Астана,,Астана,Казахстан,Пн: 11:00-24:00; Вт: 11:00-24:00; Ср: 11:00-24:00; Чт: 11:00-24:00; Пт: 11:00-24:00; Сб: 11:00-24:00; Вс: 11:00-24:00,+05:00,4.2,877,87024445333,87014443666 (служба доставки),,aurashubar@gmail.com,,,http://auraverdant.2gis.biz,,,https://instagram.com/aura.nursultan,,,,,,https://facebook.com/aura.nursultan,,,,,,https://wa.me/77024445333,,,,,,,,,,,,,,,51.138038,71.43427,https://2gis.com/firm/70000001041019753
The Wine Cafe,,Рестораны; Бары,"Кабанбай батыр проспект, 9/2",,,,Нура район,Астана,,Астана,Казахстан,Пн: 12:00-24:00; Вт: 12:00-24:00; Ср: 12:00-24:00; Чт: 12:00-24:00; Пт: 12:00-02:00; Сб: 12:00-02:00; Вс: 12:00-24:00,+05:00,4.5,163,87776660515,,,,,,,,,https://instagram.com/winecafe_astana,,,,,,,,,,,,https://wa.me/77776660515,,,,,,,,,,,,,,,51.140231,71.417107,https://2gis.com/firm/70000001036545811
Lia,,Рестораны,"Кабанбай батыр проспект, 45/1",,,,Нура район,Астана,,Астана,Казахстан,,+05:00,,,,,,,,,,,,,,,,,,,,,,,,,,,,,,,,,,,,,,,51.111725,71.408159,https://2gis.com/firm/70000001104950934
InstaCafe,семейный ресторан,Рестораны; Караоке-залы; Доставка еды,"улица Балкантау, 92",,,Юго-Восток (правая сторона) ж/м,Алматы район,Астана,,Астана,Казахстан,Пн: 10:00-24:00; Вт: 10:00-24:00; Ср: 10:00-24:00; Чт: 10:00-24:00; Пт: 10:00-24:00; Сб: 10:00-24:00; Вс: 10:00-24:00 (кухня: пн-вс 10:00-23:45),+05:00,4.8,299,87779484445,87713787476 (администратор),,beibaryselgon1512@gmail.com,,,,,,https://instagram.com/instacafe_astana,,,,,,,,,,,,https://wa.me/77779484445,https://wa.me/77713787476,,,,,https://t.me/+77779484445,https://t.me/+77713787476,,,,,,,,51.13174,71.4787,https://2gis.com/firm/70000001082507762
Sirne,ресторан,Рестораны; Кафе,"улица Ахмет Байтурсынулы, 18",,,,Сарайшык район,Астана,,Астана,Казахстан,Пн: 08:00-24:00; Вт: 08:00-24:00; Ср: 08:00-24:00; Чт: 08:00-24:00; Пт: 08:00-24:00; Сб: 08:00-24:00; Вс: 08:00-24:00,+05:00,4.5,101,87008889996,,,,,,,,,https://instagram.com/sirne_restaurant,,,,,,,,,,,,https://wa.me/77008889996,,,,,,,,,,,,,,,51.11664,71.512875,https://2gis.com/firm/70000001090273475
Daididau,ресторан казахской национальной и авторской кухни,Рестораны; Кейтеринг,"улица Динмухамед Конаев, 14",,,,Есиль район,Астана,,Астана,Казахстан,Пн: 12:00-01:00; Вт: 12:00-01:00; Ср: 12:00-01:00; Чт: 12:00-01:00; Пт: 12:00-01:00; Сб: 12:00-01:00; Вс: 12:00-01:00,+05:00,4.8,546,87780007841,,,restaurant_daididau@mail.ru,,,http://daididau.kz,,,https://instagram.com/daididau.restaurant,,,,,,,,,,,,https://wa.me/77780007841,,,,,,https://t.me/+77780007841,,,,,,,,,51.128644,71.432858,https://2gis.com/firm/70000001074576850
Tanuki,,Рестораны; Суши-бары; Доставка еды,"проспект Туран, 39а",,,,Нура район,Астана,,Астана,Казахстан,Пн: 12:00-24:00; Вт: 12:00-24:00; Ср: 12:00-24:00; Чт: 12:00-24:00; Пт: 12:00-24:00; Сб: 12:00-24:00; Вс: 12:00-24:00,+05:00,4.8,1712,87010703930 (ресторан),,,corp@tanukifamily.kz,,,http://tanukifamily.kz,,,https://instagram.com/tanuki_kz,,,,,,,,,,,,https://wa.me/77010703930,,,,,,,,,,,,,,,51.12784,71.403901,https://2gis.com/firm/70000001093451570
Мясоед,ресторан,Рестораны; Доставка еды,"Кабанбай батыр проспект, 49",3 этаж,,,Нура район,Астана,,Астана,Казахстан,Пн: 11:00-01:00; Вт: 11:00-01:00; Ср: 11:00-01:00; Чт: 11:00-01:00; Пт: 11:00-02:00; Сб: 11:00-02:00; Вс: 11:00-01:00,+05:00,4.9,92,87007370050,,,,,,,,,https://instagram.com/myasoed_ast,,,,,,,,,,,,https://wa.me/77007370050,,,,,,,,,,,,,,,51.102302,71.405902,https://2gis.com/firm/70000001101957970
Shate,ресторан,Рестораны; Караоке-залы,"проспект Мангилик Ел, 35а",1 этаж,,,Есиль район,Астана,,Астана,Казахстан,Пн: 12:00-24:00; Вт: 12:00-24:00; Ср: 12:00-24:00; Чт: 12:00-24:00; Пт: 12:00-01:00; Сб: 12:00-01:00; Вс: 10:00-24:00,+05:00,4.9,210,87717777709,,,,,,,,,https://instagram.com/shate.astana,,,,,,,,,,,,https://wa.me/77717777709,,,,,,,,,,,,,,,51.106027,71.430052,https://2gis.com/firm/70000001088132171
Bao Sushi&Noodles Bar,ресторан,Рестораны; Доставка еды; Кондитерские изделия; Суши-бары,"проспект Туран, 22/1",,,,Нура район,Астана,,Астана,Казахстан,Пн: 10:00-24:00; Вт: 10:00-24:00; Ср: 10:00-24:00; Чт: 10:00-24:00; Пт: 10:00-24:00; Сб: 10:00-24:00; Вс: 10:00-24:00,+05:00,4.8,855,87767706900,,,bao10astana@gmail.com,,,http://baofood.kz,,,https://instagram.com/bao_astana,,,,,,https://facebook.com/bao.noodles,,,,,,https://wa.me/77767706900,,,,,,,,,,,,,,,51.140602,71.41164,https://2gis.com/firm/70000001094695514
Saperavi,грузинский ресторан,Рестораны; Караоке-залы; Бары,"проспект Абая, 53",,,,Байконыр район,Астана,,Астана,Казахстан,Пн: 12:00-01:00; Вт: 12:00-01:00; Ср: 12:00-01:00; Чт: 12:00-01:00; Пт: 12:00-02:00; Сб: 12:00-02:00; Вс: 12:00-01:00,+05:00,4.9,219,87767776353,,,,,,,,,https://instagram.com/saperavi_astana,,,,,,,,,,,,https://wa.me/77767776353,,,,,,,,,,,,,,,51.169748,71.435026,https://2gis.com/firm/70000001099181134
Грузин Кузин,,Рестораны; Караоке-залы; Доставка еды,"улица Шарль де Голль, 1а",1 этаж,,Ак-булак-2 ж/м,Алматы район,Астана,,Астана,Казахстан,Пн: 12:00-02:00; Вт: 12:00-02:00; Ср: 12:00-02:00; Чт: 12:00-02:00; Пт: 12:00-02:00; Сб: 12:00-02:00; Вс: 12:00-02:00,+05:00,4.7,1783,87020077896,,,,,,,,,https://instagram.com/gruzin_kz,,,,,,,,,,,,https://wa.me/77020077896,,,,,,,,,,,,,,,51.141993,71.448481,https://2gis.com/firm/70000001064293858
Raki,ресто-бар,Рестораны; Бары; Караоке-залы,"улица Ахмет Байтурсынулы, 9 блок F2",,,,Сарайшык район,Астана,,Астана,Казахстан,Пн: 11:00-24:00; Вт: 11:00-24:00; Ср: 11:00-24:00; Чт: 11:00-24:00; Пт: 12:00-04:00; Сб: 12:00-04:00; Вс: 11:00-24:00,+05:00,4.9,133,87001110747,,,dastenovaakmoldir@gmail.com,,,http://raki-astana.netlify.app,,,https://instagram.com/rakirestobar,,,,,,,,,,,,https://wa.me/77001110747,,,,,,,,,,,,,,,51.125507,71.46721,https://2gis.com/firm/70000001097837780
Ted,лаундж-бар,Рестораны; Бары,"проспект Улы Дала, 39",,,,Есиль район,Астана,,Астана,Казахстан,Пн: 14:00-04:00; Вт: 14:00-04:00; Ср: 14:00-04:00; Чт: 14:00-04:00; Пт: 14:00-04:00; Сб: 14:00-04:00; Вс: 14:00-02:00,+05:00,4.9,181,87066289496,,,,,,,,,https://instagram.com/ted_loungebar,,,,,,,,,,,,https://wa.me/77788089496,,,,,,,,,,,,,,,51.098306,71.410504,https://2gis.com/firm/70000001061422201
Korean House,,Рестораны; Доставка еды; Суши-бары; Бары,"Кабанбай батыр проспект, 62",1 этаж,,,Есиль район,Астана,,Астана,Казахстан,Пн: 10:00-24:00; Вт: 10:00-24:00; Ср: 10:00-24:00; Чт: 10:00-24:00; Пт: 10:00-24:00; Сб: 10:00-24:00; Вс: 10:00-24:00,+05:00,4.0,574,87712676702 (служба доставки: пн-вс 10:00-23:00),,,,,,http://korean-house.kz,http://taplink.cc/korean_house_astana,,https://instagram.com/korean_house_astana,,,,,,https://facebook.com/KH.Restaurants,,,,,,https://wa.me/77712676702,,,,,,,,,,,,,,,51.088511,71.409719,https://2gis.com/firm/70000001028284553
BV Lounge&Terrace,,Рестораны; Бары,"Кабанбай батыр проспект, 58Б корпус 4",,,,Есиль район,Астана,,Астана,Казахстан,Пн: 12:00-02:00; Вт: 12:00-02:00; Ср: 12:00-02:00; Чт: 12:00-02:00; Пт: 12:00-03:00; Сб: 12:00-03:00; Вс: 12:00-02:00,+05:00,4.8,156,87767477007,,,,,,,,,https://instagram.com/bv_lounge_terrace,,,,,,,,,,,,https://wa.me/77767477007,,,,,,,,,,,,,,,51.095663,71.408764,https://2gis.com/firm/70000001100585271
Happy,ресторан,Рестораны; Доставка еды,"улица Сарайшык, 34",,,,Есиль район,Астана,,Астана,Казахстан,Пн: 09:00-24:00; Вт: 09:00-24:00; Ср: 09:00-24:00; Чт: 09:00-24:00; Пт: 09:00-24:00; Сб: 09:00-24:00; Вс: 09:00-24:00,+05:00,4.8,124,87750520173,87710465291 (администратор),,,,,http://happy-restaurant.dzumba.kz/,,,https://instagram.com/happy_qazaqstan,,,,,,,,,,,,https://wa.me/77750520173,,,,,,,,,,,,,,,51.13244,71.429719,https://2gis.com/firm/70000001102318285
Вечное Небо,,Рестораны; Бары,"улица Достык, 18",25 этаж,,,Есиль район,Астана,,Астана,Казахстан,Пн: 12:00-24:00; Вт: 12:00-24:00; Ср: 12:00-24:00; Чт: 12:00-24:00; Пт: 12:00-24:00; Сб: 12:00-24:00; Вс: 12:00-24:00,+05:00,4.0,1372,87010642265,,,nebo.astana@mail.ru,,,http://vechnoenebo-dostyq.kz,,,https://instagram.com/vechnoe.nebo.astana,,,,,,,,,,,,https://wa.me/77010642265,,,,,,,,,,,,,,,51.124911,71.434528,https://2gis.com/firm/70000001022773916
Mian,ресторан китайской кухни,Рестораны; Кафе,"Кабанбай батыр проспект, 58Б корпус 5",,,,Есиль район,Астана,,Астана,Казахстан,Пн: 10:00-23:00; Вт: 10:00-23:00; Ср: 10:00-23:00; Чт: 10:00-23:00; Пт: 10:00-23:00; Сб: 10:00-23:00; Вс: 10:00-23:00,+05:00,4.9,69,87088888151,,,QQHK.MIAN@gmail.com,,,http://mian.kamiqr.com/menu/basic?utm_media=qr,,,https://instagram.com/mian_qqhk,,,,,,,,,,,,https://wa.me/77088888151,,,,,,,,,,,,,,,51.095046,71.409002,https://2gis.com/firm/70000001101960091
Aula,ресторан казахской национальной и восточной кухни,Рестораны,"улица Сарайшык, 8",,,,Есиль район,Астана,,Астана,Казахстан,Пн: 10:00-24:00; Вт: 10:00-24:00; Ср: 10:00-24:00; Чт: 10:00-24:00; Пт: 10:00-24:00; Сб: 10:00-24:00; Вс: 10:00-24:00,+05:00,4.7,435,87079085500,,,aulaastana@gmail.com,,,http://aulafamily.kz,,,https://instagram.com/aula_ast,,,,,,,,,,,,https://wa.me/77079085500,,,,,,,,,,,,,,,51.135106,71.421309,https://2gis.com/firm/70000001098702120
Aiala Hogo,кафе-ресторан,Рестораны; Доставка еды; Кафе,"улица Сагадат Нурмагамбетов, 23",,,,Сарайшык район,Астана,,Астана,Казахстан,Пн: 11:00-24:00; Вт: 11:00-24:00; Ср: 11:00-24:00; Чт: 11:00-24:00; Пт: 11:00-24:00; Сб: 11:00-24:00; Вс: 11:00-24:00,+05:00,4.8,350,87008100888,,,,,,,,,https://instagram.com/aiala_hogo_astana,,,,,,,,,,,,https://wa.me/77008100888,,,,,,,,,,,,,,,51.118091,71.483797,https://2gis.com/firm/70000001090370752
Incognita,,Рестораны; Караоке-залы; Бары,"Кабанбай батыр проспект, 17",,,,Нура район,Астана,,Астана,Казахстан,Пн: 20:00-05:00; Вт: 20:00-05:00; Ср: 20:00-05:00; Чт: 20:00-05:00; Пт: 20:00-06:00; Сб: 20:00-06:00; Вс: 20:00-05:00,+05:00,4.7,559,87017073121,,,,,,,,,https://instagram.com/incognita_karaoke,,,,,,,,,,,,https://wa.me/77017073121,,,,,,,,,,,,,,,51.133876,71.412915,https://2gis.com/firm/70000001029644848
Wine Street,ресторан,Рестораны; Бары,"улица Туркестан, 18",1 этаж,,,Есиль район,Астана,,Астана,Казахстан,Пн: 12:00-01:00; Вт: 12:00-01:00; Ср: 12:00-01:00; Чт: 12:00-01:00; Пт: 12:00-02:00; Сб: 12:00-02:00; Вс: 12:00-01:00,+05:00,4.8,202,87710558133,,,,,,,,,https://instagram.com/wine_street_astana,,,,,,,,,,,,https://wa.me/77710558133,,,,,,,,,,,,,,,51.104476,71.424702,https://2gis.com/firm/70000001053405771
Chaihana NAVAT,ресторан,Рестораны; Доставка еды,"Кабанбай батыр проспект, 21",3 этаж,,,Нура район,Астана,,Астана,Казахстан,Пн: 10:00-24:00; Вт: 10:00-24:00; Ср: 10:00-24:00; Чт: 10:00-24:00; Пт: 10:00-24:00; Сб: 10:00-24:00; Вс: 10:00-24:00 (служба доставки: пн-вс 10:30-22:00),+05:00,4.9,16478,87778441111,,,chaihana.navat.kz@gmail.com,,,http://navat.kz,,,https://instagram.com/navat_astana,,,,,,https://facebook.com/navat.kz,,,,,,https://wa.me/77778441111,,,,,,,,,https://youtube.com/channel/UCG1BLltcElVfRcoH5Z8pHEg,,,,,,51.128249,71.412681,https://2gis.com/firm/70000001040709213
Pro.Хинкали,ресторан грузинской кухни,Рестораны; Кафе; Доставка еды,"улица Динмухамед Конаев, 8/1",,,,Есиль район,Астана,,Астана,Казахстан,Пн: 10:00-24:00; Вт: 10:00-24:00; Ср: 10:00-24:00; Чт: 10:00-24:00; Пт: 10:00-24:00; Сб: 10:00-24:00; Вс: 10:00-24:00,+05:00,4.7,123,87775779981,,,,,,http://prokhinkali.com,,,https://instagram.com/prokhinkali.astana,,,,,,,,,,,,https://wa.me/77775779981,,,,,,,,,,,,,,,51.129854,71.424388,https://2gis.com/firm/70000001103268023
Ырыс,ресторан национальной кухни,Рестораны,"улица Култегин, 10",,,,Нура район,Астана,,Астана,Казахстан,Пн: 00:00-24:00; Вт: 00:00-24:00; Ср: 00:00-24:00; Чт: 00:00-24:00; Пт: 00:00-24:00; Сб: 00:00-24:00; Вс: 00:00-24:00,+05:00,4.7,31,87471478888,,,,,,,,,https://instagram.com/yrys_astana,,,,,,,,,,,,https://wa.me/77471478888,,,,,,,,,,,,,,,51.132714,71.374557,https://2gis.com/firm/70000001104402472
Бейжің Хого,,Рестораны,"улица Каныш Сатпаев, 13/1",,,3 м-н,Алматы район,Астана,,Астана,Казахстан,Пн: 11:00-23:00; Вт: 11:00-23:00; Ср: 11:00-23:00; Чт: 11:00-23:00; Пт: 11:00-23:00; Сб: 11:00-23:00; Вс: 11:00-23:00,+05:00,4.7,38,87781704359,87077850566 (администратор на китайском языке),,,,,,,,https://instagram.com/beijinghotpot_astana,,,,,,,,,,,,https://wa.me/77781704359,https://wa.me/77077850566,,,,,,,,,,,,,,51.146775,71.470583,https://2gis.com/firm/70000001096814311
People`s,лаундж-бар,Рестораны; Бары,"улица Е 900, 2",,,,Нура район,Астана,,Астана,Казахстан,Пн: 13:00-02:00; Вт: 13:00-02:00; Ср: 13:00-02:00; Чт: 13:00-02:00; Пт: 13:00-03:00; Сб: 13:00-03:00; Вс: 13:00-02:00,+05:00,4.9,142,87755052607,,,,,,,,,https://instagram.com/peoples.astana,,,,,,,,,,,,https://wa.me/77755052607,,,,,,,,,,,,,,,51.132038,71.394036,https://2gis.com/firm/70000001092014868
Dio Grand Cafe,,Рестораны; Банкетные залы; Караоке-залы,"улица Сарайшык, 34в",,,,Есиль район,Астана,,Астана,Казахстан,Пн: 08:30-24:00; Вт: 08:30-24:00; Ср: 08:30-24:00; Чт: 08:30-24:00; Пт: 08:30-01:00; Сб: 10:00-01:00; Вс: 10:00-24:00,+05:00,4.8,475,87006005363,,,,,,http://diograndcafe.kz/,,,https://instagram.com/dio.grandcafe,,,,,,,,,,,,https://wa.me/77006005363,,,,,,,,,,,,,,,51.133039,71.43293,https://2gis.com/firm/70000001084131932
Bayesta,ресторан,Рестораны,"улица Анет баба, 12",1 этаж,,,Нура район,Астана,,Астана,Казахстан,Ср: 12:00-24:00; Чт: 12:00-24:00; Пт: 12:00-24:00; Сб: 12:00-24:00; Вс: 12:00-24:00,+05:00,4.7,233,87077554962,87013403979,87759871219,bayesta@mail.ru,,,,,,https://instagram.com/bayesta_rest,,,,,,,,,,,,https://wa.me/77077554962,https://wa.me/77759871219,https://wa.me/77013403979,,,,,,,,,,,,,51.13835,71.386054,https://2gis.com/firm/70000001067452708
Code Da Vinci,лаундж-бар,Рестораны; Бары,"проспект Улы Дала, 39",,,,Есиль район,Астана,,Астана,Казахстан,Пн: 13:00-02:00; Вт: 13:00-02:00; Ср: 13:00-02:00; Чт: 13:00-02:00; Пт: 13:00-02:00; Сб: 13:00-02:00; Вс: 13:00-02:00,+05:00,4.8,202,87758767612,,,,,,,,,https://instagram.com/codedavinci_,,,,,,,,,,,,https://wa.me/77758767612,,,,,,,,,,,,,,,51.098586,71.408527,https://2gis.com/firm/70000001089367850
SABO restaurant chef`s table,,Рестораны,"проспект Мангилик Ел, 61",,,,Есиль район,Астана,,Астана,Казахстан,Пн: 12:00-24:00; Вт: 12:00-24:00; Ср: 12:00-24:00; Чт: 12:00-24:00; Пт: 12:00-24:00; Сб: 12:00-24:00; Вс: 12:00-24:00,+05:00,5.0,3,87000330006,,,,,,,,,https://instagram.com/sabo.restaurant,,,,,,,,,,,,https://wa.me/77000330006,,,,,,,,,,,,,,,51.08395,71.420702,https://2gis.com/firm/70000001102510700
Tutun,лаундж-бар,Рестораны; Бары,"улица Шокана Уалиханова, 1",,,,Байконыр район,Астана,,Астана,Казахстан,Пн: 12:00-02:00; Вт: 12:00-02:00; Ср: 12:00-02:00; Чт: 12:00-02:00; Пт: 12:00-03:00; Сб: 12:00-03:00; Вс: 12:00-03:00,+05:00,4.5,28,87004958811,,,,,,,,,https://instagram.com/tutun_loungebar,,,,,,,,,,,,https://wa.me/77004958811,,,,,,,,,,,,,,,51.162842,71.440316,https://2gis.com/firm/70000001103407697
Fest 425 mangilik,лаундж-бар,Рестораны; Кафе; Бары; Пиццерии; Караоке-залы,"проспект Мангилик Ел, 20/2",,,,Есиль район,Астана,,Астана,Казахстан,Пн: 12:00-04:00; Вт: 12:00-04:00; Ср: 12:00-04:00; Чт: 12:00-04:00; Пт: 12:00-04:00; Сб: 12:00-04:00; Вс: 12:00-04:00,+05:00,4.9,819,87018804418,,,,,,http://fest-425.kamiqr.com/menu/at-place,,,https://instagram.com/fest.425.mangilik,,,,,,,,,,,,https://wa.me/77018804418,,,,,,,,,,,,,,,51.116547,71.435658,https://2gis.com/firm/70000001069489489
LaMaro,,Рестораны; Бары; Доставка еды,"улица Достык, 1",,,,Есиль район,Астана,,Астана,Казахстан,Пн: 12:00-02:00; Вт: 12:00-02:00; Ср: 12:00-02:00; Чт: 12:00-02:00; Пт: 12:00-02:00; Сб: 12:00-02:00; Вс: 12:00-02:00,+05:00,4.7,764,87015409799,87029950688,,zakolya82@mail.ru,,,http://lamaro.kamiqr.com/menu/basic,,,https://instagram.com/lamaro.astana,,,,,,,,,,,,https://wa.me/77029950688,https://wa.me/77015409799,,,,,,,,,,,,,,51.129587,71.418728,https://2gis.com/firm/70000001075329477
Перчини,ресторан,Рестораны; Пиццерии; Доставка еды,"проспект Туран, 20",1 этаж,,,Нура район,Астана,,Астана,Казахстан,Пн: 10:00-24:00; Вт: 10:00-24:00; Ср: 10:00-24:00; Чт: 10:00-24:00; Пт: 10:00-24:00; Сб: 10:00-24:00; Вс: 10:00-24:00,+05:00,4.6,1208,87752915581,,,perchini.astana@mail.ru,,,http://perchini.ru,,,https://instagram.com/perchini_ast,,,,,,,,,,,,,,,,,,,,,,,,,,,51.141271,71.411334,https://2gis.com/firm/70000001028355740
Marso,лаундж-бар,Рестораны; Бары,"улица Сыганак, 17г",,,,Нура район,Астана,,Астана,Казахстан,Пн: 12:30-02:00; Вт: 12:30-02:00; Ср: 12:30-02:00; Чт: 12:30-02:00; Пт: 12:30-03:00; Сб: 13:30-03:00; Вс: 13:30-02:00,+05:00,4.8,66,87007557530,,,,,,,,,https://instagram.com/marso_loungebar,,,,,,,,,,,,https://wa.me/77007557530,,,,,,,,,,,,,,,51.130169,71.391725,https://2gis.com/firm/70000001096758495
Казбек,ресторан,Рестораны; Бары,"улица Алихан Бокейхан, 6",,,,Есиль район,Астана,,Астана,Казахстан,Пн: 12:00-01:00; Вт: 12:00-01:00; Ср: 12:00-01:00; Чт: 12:00-01:00; Пт: 12:00-02:00; Сб: 12:00-02:00; Вс: 12:00-01:00,+05:00,4.7,429,87013528686,,,kazbekpremium@gmail.com,,,http://kazbekpremiumchaikhana.2gis.biz,http://tiktok.com/@kazbek_premium,http://kazbekpremium.taplink.ws/,https://instagram.com/kazbek_premium,,,,,,,,,,,,https://wa.me/77013528686,,,,,,https://t.me/+77013528686,,,,,,,,,51.116301,71.439708,https://2gis.com/firm/70000001065738755
Tau,караоке-ресторан,Рестораны; Караоке-залы; Бары,"улица Достык, 18",24 этаж,,,Есиль район,Астана,,Астана,Казахстан,Пн: 12:00-06:00; Вт: 12:00-06:00; Ср: 12:00-06:00; Чт: 12:00-06:00; Пт: 12:00-06:00; Сб: 12:00-06:00; Вс: 12:00-06:00,+05:00,4.3,552,87070880008,87750808088,,01zyz111@gmail.com,,,,,,https://instagram.com/tau_karaoke_restaurant,,,,,,,,,,,,https://wa.me/77070880008,,,,,,,,,,,,,,,51.124911,71.434528,https://2gis.com/firm/70000001057775721
КАРАОКЕ TENGOVKA,,Рестораны; Караоке-залы; Бары; Банкетные залы,"улица Мугалжар, 2/1а",,,Тельман ж/м,Есиль район,Астана,,Астана,Казахстан,Пн: 10:00-05:00; Вт: 10:00-05:00; Ср: 10:00-05:00; Чт: 10:00-05:00; Пт: 10:00-05:00; Сб: 10:00-05:00; Вс: 10:00-05:00,+05:00,5.0,2261,87750051121,,,tengovka@eco-group.kz,,,http://tengovka.kz/,,,https://instagram.com/tengovka_karaoke,,,,,,,,,,,,https://wa.me/77750051121,,,,,,,,,,,,,,,51.096886,71.493899,https://2gis.com/firm/70000001056012082
SB Karaoke Bar,,Рестораны; Караоке-залы; Бары,"улица Е-489, 7",1 этаж,,,Нура район,Астана,,Астана,Казахстан,Вт: 17:00-03:00; Ср: 17:00-03:00; Чт: 17:00-03:00; Пт: 17:00-05:00; Сб: 17:00-05:00; Вс: 17:00-03:00,+05:00,4.9,265,87073234788,,,,,,,,,https://instagram.com/sb_karaoke_bar,,,,,,,,,,,,https://wa.me/77073234788,,,,,,,,,,,,,,,51.145041,71.37747,https://2gis.com/firm/70000001067109781
Салтанат Сарайы,,Рестораны; Банкетные залы; Конференц-залы; Кейтеринг,"Кабанбай батыр проспект, 3",,,,Нура район,Астана,,Астана,Казахстан,Пн: 10:00-19:00; Вт: 10:00-19:00; Ср: 10:00-19:00; Чт: 10:00-19:00; Пт: 10:00-19:00; Сб: 10:00-19:00; Вс: 10:00-19:00,+05:00,4.8,223,87751040033 (отдел продаж: пн-вс 10:00-19:00),,,saltanatsaraiy@gmail.com,,,,,,https://instagram.com/saltanat.saraiy.dp,,,,,,,,,,,,https://wa.me/77751040033,,,,,,,,,,,,,,,51.149872,71.423376,https://2gis.com/firm/70000001038586700
Studio 38,караоке-клуб,Рестораны; Караоке-залы,"улица Айша биби, 38",6 этаж,,,Нура район,Астана,,Астана,Казахстан,Пн: 12:00-02:00; Вт: 12:00-02:00; Ср: 12:00-02:00; Чт: 12:00-02:00; Пт: 12:00-02:00; Сб: 12:00-02:00; Вс: 12:00-02:00,+05:00,4.8,180,87713456500,,,,,,,,,https://instagram.com/studio38.karaoke,,,,,,,,,,,,https://wa.me/77713456500,,,,,,,,,,,,,,,51.141659,71.393575,https://2gis.com/firm/70000001061211141
Night post,,Рестораны; Караоке-залы; Бары,"Кабанбай батыр проспект, 3",,,,Нура район,Астана,,Астана,Казахстан,Пн: 00:00-24:00; Вт: 00:00-24:00; Ср: 00:00-24:00; Чт: 00:00-24:00; Пт: 00:00-24:00; Сб: 00:00-24:00; Вс: 00:00-24:00,+05:00,,,,,,,,,,,,https://instagram.com/night.post_karaoke,,,,,,,,,,,,,,,,,,,,,,,,,,,51.150535,71.422959,https://2gis.com/firm/70000001104949784
Fog,кофе-бар,Рестораны; Бары,"улица Турар Рыскулов, 1",,,,Есиль район,Астана,,Астана,Казахстан,Пн: 12:00-02:00; Вт: 12:00-02:00; Ср: 12:00-02:00; Чт: 12:00-02:00; Пт: 12:00-03:00; Сб: 12:00-03:00; Вс: 12:00-02:00,+05:00,4.9,34,87712569135,,,,,,,,,https://instagram.com/fog_astana,,,,,,,,,,,,https://wa.me/77712569135,,,,,,https://t.me/+77712569135,,,,,,,,,51.087037,71.402923,https://2gis.com/firm/70000001102512071
Terrace,,Рестораны,"Кабанбай батыр проспект, 3",,,,Нура район,Астана,,Астана,Казахстан,Пн: 12:00-01:00; Вт: 12:00-01:00; Ср: 12:00-01:00; Чт: 12:00-01:00; Пт: 12:00-03:00; Сб: 12:00-03:00; Вс: 12:00-01:00,+05:00,4.6,202,87028961345,,,,,,,,,https://instagram.com/terrace.salt,,,,,,,,,,,,https://wa.me/77028961345,,,,,,,,,,,,,,,51.150185,71.423124,https://2gis.com/firm/70000001089305819
Keshyou,семейное кафе-ресторан,Рестораны; Доставка еды; Кафе,"улица Чингиз Айтматов, 40",,,,Нура район,Астана,,Астана,Казахстан,Пн: 11:00-23:00; Вт: 11:00-23:00; Ср: 11:00-23:00; Чт: 11:00-23:00; Пт: 11:00-23:00; Сб: 11:00-23:00; Вс: 11:00-23:00,+05:00,4.6,273,87002306065,,,,,,,,,https://instagram.com/keshyou_restaurant,,,,,,,,,,,,https://wa.me/77002306065,,,,,,,,,,,,,,,51.140897,71.365836,https://2gis.com/firm/70000001063830548
Wah-Wah,ресторан грузинской кухни,Рестораны,"проспект Женис, 5",,,,Сарыарка район,Астана,,Астана,Казахстан,Пн: 12:00-24:00; Вт: 12:00-24:00; Ср: 12:00-24:00; Чт: 12:00-24:00; Пт: 12:00-24:00; Сб: 12:00-24:00; Вс: 12:00-24:00,+05:00,4.9,638,87775004466,87076116101,,wahwahoffice@mail.ru,,,,,,https://instagram.com/wahwah.astana,,,,,,,,,,,,https://wa.me/77775004466,https://wa.me/77076116101,,,,,,,,,,,,,,51.161196,71.414706,https://2gis.com/firm/70000001082663349
Dala,семейный ресторан,Рестораны; Банкетные залы; Доставка еды; Кафе,"улица Жумекен Нажимеденов, 16Б",,,,Сарайшык район,Астана,,Астана,Казахстан,Пн: 12:00-24:00; Вт: 12:00-24:00; Ср: 12:00-24:00; Чт: 12:00-24:00; Пт: 12:00-24:00; Сб: 11:00-24:00; Вс: 11:00-24:00,+05:00,4.5,838,87756333902,,,,,,,,,https://instagram.com/dala.resto,,,,,,,,,,,,https://wa.me/77756333902,,,,,,,,,,,,,,,51.118083,71.477469,https://2gis.com/firm/70000001060023821
Aq Anyz,,Рестораны; Доставка еды; Кондитерские изделия; Кофейни,"улица Алихан Бокейхан, 10",,,,Есиль район,Астана,,Астана,Казахстан,Пн: 08:00-24:00; Вт: 08:00-24:00; Ср: 08:00-24:00; Чт: 08:00-24:00; Пт: 08:00-24:00; Сб: 08:00-24:00; Вс: 08:00-24:00 (служба доставки: пн-вс 12:00-23:00),+05:00,4.8,481,87752996688,,,,,,http://aq-anyz.kz,,,https://instagram.com/aq_anyz,,,,,,,,,,,,https://wa.me/77011867878,,,,,,,,,,,,,,,51.114143,71.439009,https://2gis.com/firm/70000001022034235
Garden Hall,,Рестораны; Банкетные залы; Караоке-залы; Бары,"улица Хусейн бен Талал, 25",,,,Есиль район,Астана,,Астана,Казахстан,Пн: 00:00-24:00; Вт: 00:00-24:00; Ср: 00:00-24:00; Чт: 00:00-24:00; Пт: 00:00-24:00; Сб: 00:00-24:00; Вс: 00:00-24:00,+05:00,4.3,16,87172790000,,,sales@wyndhamgardenastana.com,,,http://wyndhamgardenastana.com/hall/garden-hall/,,,https://instagram.com/wyndhamgardenastana,,,,,,https://facebook.com/wgastana,,,,,,https://wa.me/77710226063,,,,,,,,,,,,,,,51.082111,71.407466,https://2gis.com/firm/70000001043713201
Roastbeef,,Рестораны; Доставка еды,"Кабанбай батыр проспект, 15/1",1 этаж,,,Нура район,Астана,,Астана,Казахстан,Пн: 08:00-24:00; Вт: 08:00-24:00; Ср: 08:00-24:00; Чт: 08:00-24:00; Пт: 08:00-24:00; Сб: 08:00-24:00; Вс: 08:00-24:00,+05:00,4.7,402,87751029878,,,,,,,,,https://instagram.com/roastbeef_astana,,,,,,,,,,,,https://wa.me/77751029878,,,,,,,,,,,,,,,51.135465,71.413184,https://2gis.com/firm/70000001028159403
Гол+Пас,спорт-бар,Рестораны; Бары,"проспект Тауелсиздик, 23",,,,Алматы район,Астана,,Астана,Казахстан,Пн: 12:00-01:00; Вт: 12:00-01:00; Ср: 12:00-01:00; Чт: 12:00-01:00; Пт: 12:00-01:00; Сб: 12:00-01:00; Вс: 12:00-01:00,+05:00,4.8,316,87073334045,,,golpas@golpas.com,,,http://golpas.cafe,,,https://instagram.com/golpas_sportbars,,,,,,,,,,,,https://wa.me/77073334045,,,,,,,,,,,,,,,51.144385,71.460544,https://2gis.com/firm/70000001083540277
FLAGMAN FESTIVAL,лаундж-бар,Рестораны; Бары,"улица Достык, 4",,,,Нура район,Астана,,Астана,Казахстан,Пн: 14:00-03:00; Вт: 14:00-03:00; Ср: 14:00-03:00; Чт: 14:00-03:00; Пт: 14:00-04:00; Сб: 14:00-04:00; Вс: 14:00-03:00,+05:00,4.8,263,87008881099,87479007267,,flagmanhookah@gmail.com,,,,,,https://instagram.com/flagman_festival,,,,,,,,,,,,https://wa.me/77008881099,,,,,,https://t.me/+77008881099,,,,,,,,,51.127699,71.407487,https://2gis.com/firm/70000001090145447
CrepeCafe,семейное кафе,Рестораны; Доставка еды; Кафе,"улица Динмухамед Конаев, 12/1",1 этаж,,,Есиль район,Астана,,Астана,Казахстан,Пн: 08:00-24:00; Вт: 08:00-24:00; Ср: 08:00-24:00; Чт: 08:00-24:00; Пт: 08:00-24:00; Сб: 09:00-24:00; Вс: 09:00-24:00 (служба доставки: пн-вс 10:00-22:00),+05:00,4.6,2166,87719494931,,,info@crepecafe.kz,,,http://crepecafe.kz,,,https://instagram.com/crepecafe_kz,,,,,,https://facebook.com/crepecafekz,,,,,,,,,,,,,,,,,,,,,51.129374,71.427923,https://2gis.com/firm/70000001025216760
Mandarin,ресторан,Рестораны; Доставка еды; Суши-бары; Бары,"улица Шамши Калдаяков, 3",,,,Сарайшык район,Астана,,Астана,Казахстан,Пн: 12:00-24:00; Вт: 12:00-24:00; Ср: 12:00-24:00; Чт: 12:00-24:00; Пт: 12:00-02:00; Сб: 12:00-02:00; Вс: 12:00-24:00,+05:00,4.8,810,87009990606,87757471263 (отдел маркетинга),87757471263 (отдел корпоративных заказов),mandarin_2023@inbox.ru,,,http://mandarinastana.taplink.ws,http://tiktok.com/@mandarin_astana,,https://instagram.com/mandarin.astana,,,,,,,,,,,,https://wa.me/77009990606,,,,,,https://t.me/+77009990606,,,,,,,,,51.118795,71.459251,https://2gis.com/firm/70000001068978315
XS,ресто-бар,Рестораны; Бары; Караоке-залы,"улица Жекебатыр, 47",,,Шубар м-н,Есиль район,Астана,,Астана,Казахстан,Пн: 20:00-06:00; Вт: 20:00-06:00; Ср: 20:00-06:00; Чт: 20:00-06:00; Пт: 20:00-06:00; Сб: 20:00-06:00; Вс: 20:00-06:00,+05:00,4.6,98,87787908800,,,,,,,,,https://instagram.com/xs.concept,,,,,,,,,,,,https://wa.me/77787908800,,,,,,,,,,,,,,,51.143692,71.423378,https://2gis.com/firm/70000001097866508
Yakuza Sushi & Tom Yum,,Рестораны; Суши-бары; Доставка еды; Кафе; Бары,"улица Туркестан, 28/2",1 этаж,,,Есиль район,Астана,,Астана,Казахстан,Пн: 11:00-01:00; Вт: 11:00-01:00; Ср: 11:00-01:00; Чт: 11:00-01:00; Пт: 11:00-01:00; Сб: 11:00-01:00; Вс: 11:00-01:00,+05:00,4.9,196,87020065558 (служба доставки),87082053501 (бронь столов),,sushiwokyakuza@gmail.com,,,http://yakuza-sushi.kz,,,https://instagram.com/yakuza.astana,,,,,,,,,,,,https://wa.me/77082053501,,,,,,,,,,,,,,,51.100576,71.425283,https://2gis.com/firm/70000001103335431
Инжу,,Рестораны; Банкетные залы,"улица Ахмета Жубанова, 26",,,,Байконыр район,Астана,,Астана,Казахстан,Пн: 12:00-24:00; Вт: 12:00-24:00; Ср: 12:00-24:00; Чт: 12:00-24:00; Пт: 12:00-24:00; Сб: 12:00-24:00; Вс: 12:00-24:00,+05:00,4.7,126,87755931196,,,,,,,,,https://instagram.com/inju_hall.ast,,,,,,,,,,,,https://wa.me/77755931196,,,,,,,,,,,,,,,51.170893,71.467264,https://2gis.com/firm/70000001087855436
Asatu,ресторан,Рестораны,"проспект Сарыарка, 22",,,,Сарыарка район,Астана,,Астана,Казахстан,Пн: 12:00-24:00; Вт: 12:00-24:00; Ср: 12:00-24:00; Чт: 12:00-24:00; Пт: 12:00-02:00; Сб: 12:00-02:00; Вс: 12:00-24:00,+05:00,4.7,504,87009991717,87757471263 (отдел для коропоративных заказов),,,,,,,,https://instagram.com/asatu_astana,,,,,,,,,,,,https://wa.me/77009991717,,,,,,,,,,,,,,,51.166765,71.409225,https://2gis.com/firm/70000001098578641
TomYumBar,ресторан,Рестораны; Суши-бары; Доставка еды,"проспект Туран, 20",,,,Нура район,Астана,,Астана,Казахстан,Пн: 11:00-23:00; Вт: 11:00-23:00; Ср: 11:00-23:00; Чт: 11:00-23:00; Пт: 11:00-24:00; Сб: 11:00-24:00; Вс: 11:00-23:00,+05:00,4.8,1031,87070012020,,,,,,http://almaty.tomyumbar.ru,,,https://instagram.com/tomyumbar.kazakhstan,,,,,,,,,,,,https://wa.me/77070012020,,,,,,,,,,,,,,,51.141702,71.411075,https://2gis.com/firm/70000001088916497
ResPUBlika,,Рестораны; Бары,"улица Алматы, 11",2 этаж,,,Есиль район,Астана,,Астана,Казахстан,Пн: 17:00-04:00; Вт: 17:00-04:00; Ср: 17:00-04:00; Чт: 17:00-04:00; Пт: 17:00-04:00; Сб: 17:00-04:00; Вс: 17:00-04:00,+05:00,4.8,300,87779990044,,,,,,http://tiktok.com/@respublika09,,,https://instagram.com/respublika.ast,,,,,,https://facebook.com/61573054794982,,,,,,https://wa.me/77779990044,,,,,,,,,,,,,,,51.116358,71.42827,https://2gis.com/firm/70000001030459588
Piro,ресторан,Рестораны,"улица Сарайшык, 34/7",,,,Есиль район,Астана,,Астана,Казахстан,Пн: 12:00-01:00; Вт: 12:00-01:00; Ср: 12:00-01:00; Чт: 12:00-01:00; Пт: 12:00-02:00; Сб: 12:00-02:00; Вс: 12:00-01:00,+05:00,4.7,260,87010707376,,,,,,,,,https://instagram.com/piro.rest,,,,,,,,,,,,https://wa.me/77010707376,,,,,,,,,,,,,,,51.132926,71.431138,https://2gis.com/firm/70000001091376936
Okadzaki.kz,кафе,Рестораны; Доставка еды; Суши-бары; Кафе; Пиццерии; Быстрое питание,"проспект Ракымжан Кошкарбаев, 48",,,,Сарайшык район,Астана,,Астана,Казахстан,Пн: 00:00-24:00; Вт: 00:00-24:00; Ср: 00:00-24:00; Чт: 00:00-24:00; Пт: 00:00-24:00; Сб: 00:00-24:00; Вс: 00:00-24:00,+05:00,4.5,2395,87055561990,87773333333 (служба доставки: круглосуточно),,okadzaki.kz@mail.ru,,,http://okadzaki.kz,,,https://instagram.com/okadzaki.kz,,,,,,,,,,,,https://wa.me/77773333333,,,,,,https://t.me/+77773333333,,,,,,,,,51.127931,71.494873,https://2gis.com/firm/70000001062280019
Pinta,ресторан,Рестораны; Бары; Доставка еды,"улица Акмешит, 9/1",,,,Есиль район,Астана,,Астана,Казахстан,Пн: 12:00-02:00; Вт: 12:00-02:00; Ср: 12:00-02:00; Чт: 12:00-02:00; Пт: 12:00-03:00; Сб: 12:00-03:00; Вс: 12:00-02:00,+05:00,4.5,1625,87771004616,,,,,,http://Pinta.kz,,,https://instagram.com/pinta_astana,,,,,,,,,,,,,,,,,,,,,,,,,,,51.114167,71.42233,https://2gis.com/firm/70000001034241483
Black Duck,лаундж-бар,Рестораны; Бары; Караоке-залы; Доставка еды,"проспект Туран, 37/9",1 этаж,,,Нура район,Астана,,Астана,Казахстан,Пн: 12:00-02:00; Вт: 12:00-02:00; Ср: 12:00-02:00; Чт: 12:00-02:00; Пт: 12:00-03:00; Сб: 12:00-03:00; Вс: 12:00-02:00,+05:00,4.8,792,87783220852,,,,,,,,,https://instagram.com/blackduck_astana,,,,,,,,,,,,https://wa.me/77783220852,,,,,,,,,,,,,,,51.130765,71.401918,https://2gis.com/firm/70000001059834146
Okadzaki.kz,кафе,Рестораны; Доставка еды; Суши-бары; Кафе; Пиццерии; Быстрое питание,"улица Кенжебек Кумисбеков, 2",,,,Сарыарка район,Астана,,Астана,Казахстан,Пн: 00:00-24:00; Вт: 00:00-24:00; Ср: 00:00-24:00; Чт: 00:00-24:00; Пт: 00:00-24:00; Сб: 00:00-24:00; Вс: 00:00-24:00,+05:00,4.5,2524,87004349183,87773333333 (служба доставки: круглосуточно),,okadzaki.kz@mail.ru,,,http://okadzaki.kz,,,https://instagram.com/okadzaki.kz,,,,,,,,,,,,https://wa.me/77004349183,,,,,,https://t.me/+77773333333,,,,,,,,,51.16257,71.401091,https://2gis.com/firm/70000001063838349
Line Brew,рестораны,Рестораны,"улица Кенесары, 20",,,,Сарыарка район,Астана,,Астана,Казахстан,Пн: 12:00-02:00; Вт: 12:00-02:00; Ср: 12:00-02:00; Чт: 12:00-02:00; Пт: 12:00-02:00; Сб: 12:00-02:00; Вс: 12:00-02:00,+05:00,4.7,710,87172321026,87172321017,87011551322 (служба бронирования),,,,http://line-group.kz/line_brew,,,https://instagram.com/linebrew_restaurants,,,,,,,,,,,,https://wa.me/77011551322,,,,,,,,,,,,,,,51.16362,71.416106,https://2gis.com/firm/70000001018069671
Okadzaki.kz,кафе,Рестораны; Доставка еды; Суши-бары; Кафе; Пиццерии; Быстрое питание,"проспект Абая, 59",,,,Байконыр район,Астана,,Астана,Казахстан,Пн: 00:00-24:00; Вт: 00:00-24:00; Ср: 00:00-24:00; Чт: 00:00-24:00; Пт: 00:00-24:00; Сб: 00:00-24:00; Вс: 00:00-24:00,+05:00,4.6,2938,87084251745 (кафе),87172251745 (кафе),,okadzaki.kz@mail.ru,,,http://okadzaki.kz,,,https://instagram.com/okadzaki.kz,,,,,,,,,,,,https://wa.me/77084251745,,,,,,https://t.me/+77773333333,,,,,,,,,51.169727,71.436222,https://2gis.com/firm/70000001041803543
Sandyq,ресторан национальной кухни,Рестораны,"улица Сарайшык, 34/3",,,,Есиль район,Астана,,Астана,Казахстан,Пн: 12:00-24:00; Вт: 12:00-24:00; Ср: 12:00-24:00; Чт: 12:00-24:00; Пт: 12:00-24:00; Сб: 12:00-24:00; Вс: 12:00-24:00,+05:00,4.8,1506,87779191122,87750073282,,,,,http://sandyqgroup.com,,,https://instagram.com/sandyq_restaurant,,,,,,,,,,,,,,,,,,,,,,,,,,,51.132612,71.433388,https://2gis.com/firm/70000001086860585
Del Papa,итальянский ресторан,Рестораны; Пиццерии; Доставка еды,"Кабанбай батыр проспект, 34",,,,Есиль район,Астана,,Астана,Казахстан,Пн: 11:00-24:00; Вт: 11:00-24:00; Ср: 11:00-24:00; Чт: 11:00-24:00; Пт: 11:00-01:00; Сб: 11:00-01:00; Вс: 11:00-24:00,+05:00,4.6,1195,87717228197,,,,,,http://lyl.su/abr_kz,http://abr.kz,,https://instagram.com/del_papa,,,,,,,,,,,,,,,,,,,,,,,,,,,51.130484,71.415365,https://2gis.com/firm/70000001018065400
Ahó,ресто-бар,Рестораны; Бары,"улица Акмешит, 1 блок 6",,,Заречное ж/м,Есиль район,Астана,,Астана,Казахстан,Пн: 12:00-02:00; Вт: 12:00-02:00; Ср: 12:00-03:00; Чт: 12:00-03:00; Пт: 12:00-04:00; Сб: 14:00-04:00; Вс: 14:00-03:00,+05:00,4.5,396,87080809999,,,,,,http://tiktok.com/@holymelon.mg,,,https://instagram.com/aho.astana,,,,,,,,,,,,https://wa.me/77080809999,,,,,,,,,,,,,,,51.121191,71.424314,https://2gis.com/firm/70000001089234583
Угли,,Рестораны; Бары; Караоке-залы,"проспект Туран, 21а",,,,Нура район,Астана,,Астана,Казахстан,Пн: 12:00-02:00; Вт: 12:00-02:00; Ср: 12:00-02:00; Чт: 12:00-02:00; Пт: 12:00-03:00; Сб: 12:00-03:00; Вс: 16:00-02:00,+05:00,4.7,2584,87006060800,,,,,,,,,https://instagram.com/ugli.bar,,,,,,,,,,,,https://wa.me/77006060800,,,,,,,,,,,,,,,51.142486,71.409729,https://2gis.com/firm/70000001083911738
SF,,Рестораны; Кафе; Доставка еды; Суши-бары; Быстрое питание; Пиццерии,"улица Кайым Мухамедханов, 19а",,,,Нура район,Астана,,Астана,Казахстан,Пн: 00:00-24:00; Вт: 00:00-24:00; Ср: 00:00-24:00; Чт: 00:00-24:00; Пт: 00:00-24:00; Сб: 00:00-24:00; Вс: 00:00-24:00,+05:00,4.5,12520,87777888888 (служба доставки: круглосуточно),,,,,,http://shaurma-food.kz,,,https://instagram.com/sf.qaz,,,,,,,,,,,,https://wa.me/77777888888,,,,,,,,,https://youtube.com/@sf-2077,,,,,,51.141568,71.383204,https://2gis.com/firm/70000001081796894
Nino,,Рестораны,"улица Акмешит, 1 блок 1",,,Заречное ж/м,Есиль район,Астана,,Астана,Казахстан,Пн: 12:00-24:00; Вт: 12:00-24:00; Ср: 12:00-24:00; Чт: 12:00-24:00; Пт: 14:00-04:00; Сб: 14:00-04:00; Вс: 14:00-24:00,+05:00,4.7,101,87028808000,,,,,,http://holymelon.com/?fbclid=PAQ0xDSwKkG8hleHRuA2FlbQIxMQABpzBrcboGodMya1wdSBQb4bCE3-Mb-kPWBxzHjwGaBaQ9BJloSdQD2-KxZQgG_aem_TDZ5ohmsfi8fkkRx_NQ8Bw,,,https://instagram.com/nino.ast,,,,,,,,,,,,https://wa.me/77028808000,,,,,,,,,,,,,,,51.119582,71.424691,https://2gis.com/firm/70000001100228776
Tangiers lounge,лаундж-бар,Рестораны; Бары,"улица Акмешит, 1 блок 7",,,Заречное ж/м,Есиль район,Астана,,Астана,Казахстан,Пн: 12:00-02:00; Вт: 12:00-02:00; Ср: 12:00-02:00; Чт: 12:00-02:00; Пт: 12:00-03:00; Сб: 13:00-03:00; Вс: 13:00-02:00,+05:00,4.8,1077,87767750008,,,,,,,,,https://instagram.com/tangierslounge.europecity,,,,,,,,,,,,https://wa.me/77767750008,,,,,,,,,,,,,,,51.121134,71.42474,https://2gis.com/firm/70000001088099502
Turandot,ресторан,Рестораны; Доставка еды,"улица Кайым Мухамедханов, 5",1 этаж,,,Нура район,Астана,,Астана,Казахстан,Пн: 12:00-03:00; Вт: 12:00-03:00; Ср: 12:00-03:00; Чт: 12:00-03:00; Пт: 12:00-03:00; Сб: 12:00-03:00; Вс: 12:00-03:00 (кухня: 12:00-23:30; бар: 12:00-02:00),+05:00,4.7,1516,87778703277,87778703278,87172249707,,,,http://turandot.kz,,,https://instagram.com/turandot.kz,,,,,,,,,,,,https://wa.me/77778703278,,,,,,,,,,,,,,,51.137971,71.406015,https://2gis.com/firm/70000001083765300
Дареджани,ресторан,Рестораны; Доставка еды,"Кабанбай батыр проспект, 34",,,,Есиль район,Астана,,Астана,Казахстан,Пн: 11:00-24:00; Вт: 11:00-24:00; Ср: 11:00-24:00; Чт: 11:00-24:00; Пт: 11:00-01:00; Сб: 11:00-01:00; Вс: 11:00-24:00 (служба доставки: пн-вс 11:00-22:00),+05:00,4.7,1692,87717228290,,,,,,http://lyl.su/abr_kz,http://clck.ru/3AyTGn,,https://instagram.com/daredzhani,,,,,,,,,,,,,,,,,,,,,,,,,,,51.130391,71.415159,https://2gis.com/firm/70000001018089424
Chaihana NAVAT,ресторан,Рестораны; Доставка еды,"проспект Туран, 39а",,,,Нура район,Астана,,Астана,Казахстан,Пн: 10:00-24:00; Вт: 10:00-24:00; Ср: 10:00-24:00; Чт: 10:00-24:00; Пт: 10:00-24:00; Сб: 10:00-24:00; Вс: 10:00-24:00 (служба доставки: пн-вс 10:30-22:00),+05:00,4.7,5287,87770471111,,,chaihana.navat.kz@gmail.com,,,http://navat.kz,,,https://instagram.com/navat_astana,,,,,,https://facebook.com/navat.kz,,,,,,https://wa.me/77770471111,,,,,,,,,https://youtube.com/channel/UCG1BLltcElVfRcoH5Z8pHEg,,,,,,51.128271,71.404339,https://2gis.com/firm/70000001090703031
The Monkey,,Рестораны,"улица Кайым Мухамедханов, 5",1 этаж,,,Нура район,Астана,,Астана,Казахстан,Пн: 12:00-02:00; Вт: 12:00-02:00; Ср: 12:00-03:00; Чт: 12:00-03:00; Пт: 12:00-04:00; Сб: 17:00-04:00; Вс: 17:00-02:00,+05:00,4.7,140,87088880005,,,,,,http://www.tiktok.com/@holymelon.mg,,,https://instagram.com/themonkey.ast,,,,,,,,,,,,https://wa.me/77088880005,,,,,,,,,,,,,,,51.138006,71.40565,https://2gis.com/firm/70000001095569743
Угли Premium,,Рестораны; Бары,"улица Достык, 4",,,,Нура район,Астана,,Астана,Казахстан,Пн: 12:00-03:00; Вт: 12:00-03:00; Ср: 12:00-03:00; Чт: 12:00-03:00; Пт: 12:00-03:00; Сб: 12:00-03:00; Вс: 16:00-03:00,+05:00,4.5,608,87005081010,,,,,,,,,https://instagram.com/ugli.premium.avenue,,,,,,,,,,,,https://wa.me/77005081010,,,,,,,,,,,,,,,51.128479,71.408341,https://2gis.com/firm/70000001099297149
Turandot,ресторан,Рестораны,"Керей, Жанибек хандар улица, 18",А блок; цокольный этаж,,,Есиль район,Астана,,Астана,Казахстан,Пн: 12:00-24:00; Вт: 12:00-24:00; Ср: 12:00-24:00; Чт: 12:00-24:00; Пт: 12:00-24:00; Сб: 12:00-24:00; Вс: 12:00-24:00,+05:00,4.8,1763,87172546491,87717797851,,,,,http://turandot.kz,,,https://instagram.com/turandot.kz,,,,,,,,,,,,https://wa.me/77717797851,,,,,,,,,,,,,,,51.113698,71.425322,https://2gis.com/firm/70000001019594023
Panno,ресторан,Рестораны; Бары; Караоке-залы; Доставка еды,"улица Достык, 13",,,,Есиль район,Астана,,Астана,Казахстан,Пн: 17:00-01:00; Вт: 17:00-01:00; Ср: 17:00-01:00; Чт: 17:00-01:00; Пт: 17:00-03:00; Сб: 17:00-03:00; Вс: 17:00-01:00,+05:00,4.8,588,87079526090,,,,,,,,,https://instagram.com/panno.astana,,,,,,,,,,,,https://wa.me/77079526090,,,,,,,,,,,,,,,51.126573,71.436886,https://2gis.com/firm/70000001069577746
Oblako,лаундж-бар,Рестораны; Бары,"улица Динмухамед Конаев, 33",4 этаж,,,Есиль район,Астана,,Астана,Казахстан,Пн: 12:00-03:00; Вт: 12:00-03:00; Ср: 12:00-03:00; Чт: 12:00-03:00; Пт: 12:00-04:00; Сб: 13:00-04:00; Вс: 13:00-03:00,+05:00,4.7,1588,87761113663,,,,,,,,,https://instagram.com/oblako.astana,,,,,,,,,,,,https://wa.me/77761113663,,,,,,,,,,,,,,,51.130758,71.433971,https://2gis.com/firm/70000001060878292
Шишка Premium,лаундж-бар,Рестораны; Бары; Караоке-залы,"Бухар жырау улица, 28",,,,Есиль район,Астана,,Астана,Казахстан,Пн: 12:00-02:00; Вт: 12:00-02:00; Ср: 12:00-02:00; Чт: 12:00-02:00; Пт: 12:00-04:00; Сб: 13:00-04:00; Вс: 13:00-02:00,+05:00,4.7,930,87779990220,,,,,,http://www.tiktok.com/@holymelon.mg,,,https://instagram.com/shishka_botanic,,,,,,,,,,,,https://wa.me/77779990220,,,,,,,,,,,,,,,51.101091,71.41673,https://2gis.com/firm/70000001079642771
Mokki,ресторан,Рестораны,"улица Достык, 16",3 этаж,,,Есиль район,Астана,,Астана,Казахстан,Пн: 07:00-24:00; Вт: 07:00-24:00; Ср: 07:00-24:00; Чт: 07:00-24:00; Пт: 07:00-24:00; Сб: 07:00-24:00; Вс: 07:00-24:00,+05:00,4.4,556,87172734000 (многоканальный),87710832579,87057550116,,,,http://mokkirestaurant.com,,,https://instagram.com/mokkirestaurant,,,,,,,,,,,,https://wa.me/77710832579,,,,,,,,,,,,,,,51.125247,71.431951,https://2gis.com/firm/70000001028064098
Mokki,ресторан,Рестораны,"улица Достык, 16",3 этаж,,,Есиль район,Астана,,Астана,Казахстан,Пн: 07:00-24:00; Вт: 07:00-24:00; Ср: 07:00-24:00; Чт: 07:00-24:00; Пт: 07:00-24:00; Сб: 07:00-24:00; Вс: 07:00-24:00,+05:00,4.4,556,87172734000 (многоканальный),87710832579,87057550116,,,,http://mokkirestaurant.com,,,https://instagram.com/mokkirestaurant,,,,,,,,,,,,https://wa.me/77710832579,,,,,,,,,,,,,,,51.125247,71.431951,https://2gis.com/firm/70000001028064098
Chaihana NAVAT,ресторан,Рестораны; Доставка еды,"проспект Мангилик Ел, 27",,,,Есиль район,Астана,,Астана,Казахстан,Пн: 10:00-24:00; Вт: 10:00-24:00; Ср: 10:00-24:00; Чт: 10:00-24:00; Пт: 10:00-24:00; Сб: 10:00-24:00; Вс: 10:00-24:00 (служба доставки: пн-вс 10:30-22:00),+05:00,4.9,4439,87051551111,,,chaihana.navat.kz@gmail.com,,,http://navat.kz,,,https://instagram.com/navat_astana,,,,,,https://facebook.com/navat.kz,,,,,,,,,,,,,,,https://youtube.com/channel/UCG1BLltcElVfRcoH5Z8pHEg,,,,,,51.109785,71.431204,https://2gis.com/firm/70000001069294638
Bao Sushi&Noodles Bar,ресторан,Рестораны; Доставка еды; Суши-бары,"улица Достык, 18",1 этаж,,,Есиль район,Астана,,Астана,Казахстан,Пн: 10:00-24:00; Вт: 10:00-24:00; Ср: 10:00-24:00; Чт: 10:00-24:00; Пт: 10:00-24:00; Сб: 10:00-24:00; Вс: 10:00-24:00,+05:00,4.7,1263,87787447495,,,operatorbao@gmail.com,,,http://baofood.kz,,,https://instagram.com/bao_astana,,,,,,https://facebook.com/bao.noodles,,,,,,https://wa.me/77787447495,,,,,,,,,,,,,,,51.124977,71.433921,https://2gis.com/firm/70000001050197128
А8,семейный ресторан,Рестораны; Караоке-залы; Доставка еды,"проспект Ракымжан Кошкарбаев, 1/1",,,,Алматы район,Астана,,Астана,Казахстан,Пн: 12:00-01:00; Вт: 12:00-01:00; Ср: 12:00-01:00; Чт: 12:00-01:00; Пт: 12:00-01:00; Сб: 12:00-01:00; Вс: 12:00-01:00,+05:00,4.7,1611,87775895588,,,,,,,,,https://instagram.com/restaurant_a8,,,,,,,,,,,,https://wa.me/77775895588,,,,,,,,,,,,,,,51.128787,71.465524,https://2gis.com/firm/70000001069502569
Наша дача,,Рестораны; Доставка еды,"улица Динмухамед Конаев, 14п",,,,Есиль район,Астана,,Астана,Казахстан,Пн: 09:00-24:00; Вт: 09:00-24:00; Ср: 09:00-24:00; Чт: 09:00-24:00; Пт: 09:00-01:00; Сб: 09:00-01:00; Вс: 09:00-24:00,+05:00,4.6,968,87783241881,87172421010,,,,,,,,https://instagram.com/nasha_dacha_astana,,,,,,,,,,,,https://wa.me/77783241881,,,,,,,,,,,,,,,51.129785,71.433632,https://2gis.com/firm/70000001036027241
Взлётный,,Рестораны; Бары; Караоке-залы,"Кабанбай батыр проспект, 34",,,,Есиль район,Астана,,Астана,Казахстан,Пн: 17:00-04:00; Вт: 17:00-04:00; Ср: 17:00-04:00; Чт: 17:00-04:00; Пт: 17:00-05:00; Сб: 17:00-05:00; Вс: 17:00-04:00,+05:00,4.7,1202,87072588505,87758717777,,,,,,,,https://instagram.com/vzletnyi_astana,,,,,,,,,,,,https://wa.me/77072588505,,,,,,,,,,,,,,,51.130319,71.415018,https://2gis.com/firm/70000001025762643
Selfie,,Рестораны; Бары; Доставка еды,"улица Достык, 16",18 этаж,,,Есиль район,Астана,,Астана,Казахстан,Пн: 12:00-24:00; Вт: 12:00-24:00; Ср: 12:00-24:00; Чт: 12:00-24:00; Пт: 12:00-24:00; Сб: 12:00-24:00; Вс: 12:00-24:00,+05:00,4.5,301,87770000515,,,,,,http://goodproject.kz,,,https://instagram.com/selfievastane,,,,,,,,,,,,https://wa.me/77770000515,,,,,,,,,,,,,,,51.124794,71.431297,https://2gis.com/firm/70000001028338057
Пивоварофф,ресторан,Рестораны,"проспект Туран, 31",,,Караоткель-1 м-н,Нура район,Астана,,Астана,Казахстан,Пн: 12:00-02:00; Вт: 12:00-02:00; Ср: 12:00-02:00; Чт: 12:00-02:00; Пт: 12:00-02:00; Сб: 12:00-02:00; Вс: 12:00-02:00,+05:00,4.4,342,87011004988,,,,,,,,,https://instagram.com/pivovaroff.astana,,,,,,,,,,,,https://wa.me/77011004988,,,,,,,,,,,,,,,51.139655,71.408349,https://2gis.com/firm/70000001080505078
Chaihana NAVAT,ресторан,Рестораны; Доставка еды,"улица Сарайшык, 34Б",,,,Есиль район,Астана,,Астана,Казахстан,Пн: 10:00-24:00; Вт: 10:00-24:00; Ср: 10:00-24:00; Чт: 10:00-24:00; Пт: 10:00-24:00; Сб: 10:00-24:00; Вс: 10:00-24:00,+05:00,4.9,1181,87778051111,,,chaihana.navat.kz@gmail.com,,,http://navat.kz,,,https://instagram.com/navat_astana,,,,,,https://facebook.com/navat.kz,,,,,,,,,,,,,,,https://youtube.com/channel/UCG1BLltcElVfRcoH5Z8pHEg,,,,,,51.133216,71.431793,https://2gis.com/firm/70000001097056120
The Bus,музыкальный бар,Рестораны; Караоке-залы; Бары,"шоссе Коргалжын, 3",1 этаж,,,Нура район,Астана,,Астана,Казахстан,Пн: 12:00-24:00; Вт: 12:00-24:00; Ср: 12:00-24:00; Чт: 12:00-24:00; Пт: 12:00-03:00; Сб: 16:00-03:00; Вс: 16:00-24:00,+05:00,4.4,599,87773334999,,,,,,,,,https://instagram.com/thebus_astana,,,,,,,,,,,,https://wa.me/77773334999,,,,,,,,,,,,,,,51.145427,71.407063,https://2gis.com/firm/70000001030200500
Line Brew Reserve,,Рестораны; Бары,"улица Кадыргали Жалайыри, 4",2 этаж,,,Алматы район,Астана,,Астана,Казахстан,Пн: 12:00-02:00; Вт: 12:00-02:00; Ср: 12:00-02:00; Чт: 12:00-02:00; Пт: 12:00-02:00; Сб: 12:00-02:00; Вс: 12:00-02:00,+05:00,4.8,1997,87010688800,,,,,,http://www.theveil.kz,,,https://instagram.com/linebrewreserve,,,,,,,,,,,,https://wa.me/77010688800,,,,,,,,,,,,,,,51.140568,71.445957,https://2gis.com/firm/70000001039971956
Саксаул,,Рестораны,"улица Достык, 5",,,,Есиль район,Астана,,Астана,Казахстан,Пн: 09:00-24:00; Вт: 09:00-24:00; Ср: 09:00-24:00; Чт: 09:00-24:00; Пт: 09:00-01:00; Сб: 09:00-01:00; Вс: 09:00-24:00,+05:00,4.7,1220,87172475959,87010878885,,,,,,,,,,,,,,https://facebook.com/1011789428966259,,,,,,https://wa.me/77010878885,,,,,,,,,,,,,,,51.128234,71.422936,https://2gis.com/firm/70000001027565666
Chaihana NAVAT,ресторан,Рестораны; Доставка еды,"улица Достык, 13",1 этаж,,,Есиль район,Астана,,Астана,Казахстан,Пн: 10:00-24:00; Вт: 10:00-24:00; Ср: 10:00-24:00; Чт: 10:00-24:00; Пт: 10:00-24:00; Сб: 10:00-24:00; Вс: 10:00-24:00 (служба доставки: пн-вс 10:30-22:30),+05:00,4.9,6351,87772451111,,,chaihana.navat.kz@gmail.com,,,http://navat.kz,,,https://instagram.com/navat_astana,,,,,,https://facebook.com/navat.kz,,,,,,https://wa.me/77772451111,,,,,,,,,https://youtube.com/channel/UCG1BLltcElVfRcoH5Z8pHEg,,,,,,51.126741,71.435876,https://2gis.com/firm/70000001042659424
Del Papa,итальянский ресторан,Рестораны,"проспект Республики, 10",1 этаж,,,Байконыр район,Астана,,Астана,Казахстан,Пн: 11:00-24:00; Вт: 11:00-24:00; Ср: 11:00-24:00; Чт: 11:00-24:00; Пт: 11:00-01:00; Сб: 11:00-01:00; Вс: 11:00-24:00,+05:00,4.5,661,87717228196,,,,,,http://lyl.su/abr_kz,http://abr.kz,,https://instagram.com/del_papa,,,,,,,,,,,,,,,,,,,,,,,,,,,51.160448,71.429433,https://2gis.com/firm/70000001038212283
Turandot,ресторан,Рестораны; Доставка еды,"улица Туркестан, 34",,,,Есиль район,Астана,,Астана,Казахстан,Пн: 12:00-24:00; Вт: 12:00-24:00; Ср: 12:00-24:00; Чт: 12:00-24:00; Пт: 12:00-24:00; Сб: 12:00-24:00; Вс: 12:00-24:00 (служба доставки: пн-вс 12:00-22:00),+05:00,4.7,2344,87770119005,87770179005 (служба доставки),87172648111 (служба доставки),,,,http://turandot.kz,,,https://instagram.com/turandot.kz,,,,,,,,,,,,https://wa.me/77770119005,,,,,,,,,,,,,,,51.095352,71.420659,https://2gis.com/firm/70000001038845439
На крыше,ресторан,Рестораны,"улица Кадыргали Жалайыри, 2",6 этаж,,,Алматы район,Астана,,Астана,Казахстан,Пн: 12:00-01:00; Вт: 12:00-01:00; Ср: 12:00-01:00; Чт: 12:00-01:00; Пт: 12:00-02:00; Сб: 12:00-02:00; Вс: 12:00-01:00,+05:00,4.5,268,87778080909 (ресторан),,,,,,http://goodproject.kz,,,https://instagram.com/nakryshe.rest,,,,,,,,,,,,https://wa.me/77778080909,,,,,,,,,,,,,,,51.141305,71.446384,https://2gis.com/firm/70000001018106274
Myata Sky,лаундж-бар,Рестораны; Бары,"улица Сыганак, 45",25 этаж,,,Есиль район,Астана,,Астана,Казахстан,Пн: 12:00-04:00; Вт: 12:00-04:00; Ср: 12:00-04:00; Чт: 12:00-04:00; Пт: 12:00-05:00; Сб: 12:00-05:00; Вс: 16:00-04:00,+05:00,4.5,1054,87012021313,,,,,,http://www.tiktok.com/@myatasky.lunch,,,https://instagram.com/myata.sky,,,,,,,,,,,,https://wa.me/77012021313,,,,,,https://t.me/+77012021313,,,,,,,,,51.123131,71.432901,https://2gis.com/firm/70000001037596229
Грузин Кузин,,Рестораны; Доставка еды,"улица Кайым Мухамедханов, 5",,,,Нура район,Астана,,Астана,Казахстан,Пн: 12:00-02:00; Вт: 12:00-02:00; Ср: 12:00-02:00; Чт: 12:00-02:00; Пт: 12:00-02:00; Сб: 12:00-02:00; Вс: 12:00-02:00,+05:00,4.7,1177,87020075563,,,,,,,,,https://instagram.com/gruzin_kz,,,,,,,,,,,,https://wa.me/77020075563,,,,,,,,,,,,,,,51.138114,71.4045,https://2gis.com/firm/70000001094258746
Sunduk,,Рестораны,"Керей, Жанибек хандар улица, 14/2",,,,Есиль район,Астана,,Астана,Казахстан,Пн: 12:00-24:00; Вт: 12:00-24:00; Ср: 12:00-24:00; Чт: 12:00-24:00; Пт: 12:00-24:00; Сб: 12:00-24:00; Вс: 12:00-24:00,+05:00,4.3,1100,87010707072,87172222444,,,,,http://satgroup.kz,,,https://instagram.com/sunduk.rest,,,,,,https://facebook.com/profile.php?id=61556904403552,,,,,,https://wa.me/77010707072,,,,,,,,,,,,,,,51.114823,71.418363,https://2gis.com/firm/70000001025740389
