Наименование,Описание,Рубрики,Адрес,Комментарий к адресу,Почтовый индекс,Микрорайон,Район,Город,Округ,Регион,Страна,Часы работы,Часовой пояс,Рейтинг,Количество отзывов,Телефон 1,Телефон 2,Телефон 3,E-mail 1,E-mail 2,Веб-сайт 1,Веб-сайт 2,Instagram,Facebook,ВКонтакте,WhatsApp 1,WhatsApp 2,WhatsApp 3,Telegram,YouTube,Широта,Долгота,2GIS URL
Iris Thai Spa,,SPA-процедуры; Массажист,"Керей, Жанибек хандар улица, 18",,,,Есиль район,Астана,,Астана,Казахстан,Пн: 11:00-23:00; Вт: 11:00-23:00; Ср: 11:00-23:00; Чт: 11:00-23:00; Пт: 11:00-23:00; Сб: 11:00-23:00; Вс: 11:00-23:00,+05:00,4.9,179,87004900199,,,,,,,https://instagram.com/iris.premium_astana,,,https://wa.me/77004900198,https://wa.me/77004900199,,,,51.113838,71.425365,https://2gis.com/firm/70000001093407644
Sabai Thai Spa & Massage,СПА-салон,SPA-процедуры; Массажист,"улица Абикен Бектуров, 1",,,,Нура район,Астана,,Астана,Казахстан,Пн: 10:00-24:00; Вт: 10:00-24:00; Ср: 10:00-24:00; Чт: 10:00-24:00; Пт: 10:00-24:00; Сб: 10:00-24:00; Вс: 10:00-24:00,+05:00,4.7,1108,87001471111,,,,,http://sabai.kz/,,https://instagram.com/spasalonsabai,,,https://wa.me/77074711111,,,,,51.130279,71.399553,https://2gis.com/firm/70000001038373822
Grand Thai Spa&Massage,СПА-салон,SPA-процедуры; Массажист,"улица Толе би, 65",,,,Нура район,Астана,,Астана,Казахстан,Пн: 11:00-23:00; Вт: 11:00-23:00; Ср: 11:00-23:00; Чт: 11:00-23:00; Пт: 11:00-23:00; Сб: 11:00-23:00; Вс: 11:00-23:00,+05:00,4.9,425,87077025500,,,,,,,https://instagram.com/grand.thai.spa.ast,,,https://wa.me/77077025500,,,,,51.136278,71.397608,https://2gis.com/firm/70000001089581193
Pro balance spa,СПА-центр,SPA-процедуры; Массажист; Парикмахерские,"улица Сарайшык, 27/3",цокольный этаж,,,Есиль район,Астана,,Астана,Казахстан,Пн: 10:00-24:00; Вт: 10:00-24:00; Ср: 10:00-24:00; Чт: 10:00-24:00; Пт: 10:00-24:00; Сб: 10:00-24:00; Вс: 10:00-24:00,+05:00,5.0,563,87011101066,,,,,,,https://instagram.com/spa_winox_probalance_spa,,,https://wa.me/77011101066,,,,,51.132499,71.427058,https://2gis.com/firm/70000001040046215
Tulip SPA,,SPA-процедуры,"проспект Туран, 19/1",,,,Нура район,Астана,,Астана,Казахстан,Пн: 10:00-02:00; Вт: 10:00-02:00; Ср: 10:00-02:00; Чт: 10:00-02:00; Пт: 10:00-02:00; Сб: 10:00-02:00; Вс: 10:00-02:00 (до последнего гостя: пн-вс),+05:00,4.9,985,87013988801,,,,,,,https://instagram.com/spa_tulip_astana,,,https://wa.me/77013988801,,,,,51.144316,71.408606,https://2gis.com/firm/70000001054035443
Ana’ Bali spa,,SPA-процедуры; Массажист,"улица Кордай, 100",,,Юго-Восток (правая сторона) ж/м,Сарайшык район,Астана,,Астана,Казахстан,Пн: 10:00-22:00; Вт: 10:00-22:00; Ср: 10:00-22:00; Чт: 10:00-22:00; Пт: 10:00-22:00; Сб: 10:00-22:00; Вс: 10:00-22:00,+05:00,4.9,205,87070491388,,,,,,,https://instagram.com/ana_bali_spa,,,https://wa.me/77070491388,,,,,51.125941,71.510501,https://2gis.com/firm/70000001084259404
Layan Thai Spa,,SPA-процедуры; Массажист,"улица Гейдара Алиева, 3",,,,Есиль район,Астана,,Астана,Казахстан,Пн: 11:00-23:00; Вт: 11:00-23:00; Ср: 11:00-23:00; Чт: 11:00-23:00; Пт: 11:00-23:00; Сб: 11:00-23:00; Вс: 11:00-23:00,+05:00,5.0,63,87172250758,87052420022,,,,,,https://instagram.com/layan_thaispa_ast,,,https://wa.me/77052420022,,,,,51.099259,71.411144,https://2gis.com/firm/70000001102581480
Relish premium spa,,SPA-процедуры; Массажист,"улица Шамши Калдаяков, 8/2",,,,Сарайшык район,Астана,,Астана,Казахстан,Пн: 11:00-23:00; Вт: 11:00-23:00; Ср: 11:00-23:00; Чт: 11:00-23:00; Пт: 11:00-23:00; Сб: 11:00-23:00; Вс: 11:00-23:00,+05:00,5.0,95,87077319777,,,,,http://relish.kz,,https://instagram.com/relish_spa,,,https://wa.me/77077319777,,,,,51.116042,71.461186,https://2gis.com/firm/70000001100046993
Kata Thai Spa,,SPA-процедуры; Массажист,"проспект Туран, 44/2",,,,Нура район,Астана,,Астана,Казахстан,Вт: 11:00-24:00; Ср: 11:00-24:00; Чт: 11:00-24:00; Пт: 11:00-24:00; Сб: 11:00-24:00; Вс: 11:00-24:00,+05:00,5.0,59,87022204477,,,,,,,https://instagram.com/kata_thai_spa,,,https://wa.me/77022204477,,,,,51.113572,71.402807,https://2gis.com/firm/70000001094678576
Prana Thai SPA,женский тай-СПА комплекс,SPA-процедуры; Массажист,"улица Гейдара Алиева, 3/1",3 этаж,,,Есиль район,Астана,,Астана,Казахстан,Пн: 11:00-23:00; Вт: 11:00-23:00; Ср: 11:00-23:00; Чт: 11:00-23:00; Пт: 11:00-23:00; Сб: 11:00-23:00; Вс: 11:00-23:00,+05:00,4.9,408,87058111669,87755034762,,prana.astana@gmail.com,,http://prana.com.kz/spa,,https://instagram.com/prana_thaispa,,,https://wa.me/77058111669,https://wa.me/77755034762,,,,51.100004,71.411638,https://2gis.com/firm/70000001091401859
Aykun,СПА-салон,SPA-процедуры; Массажист; Бани и сауны,"Керей, Жанибек хандар улица, 12Б",,,,Есиль район,Астана,,Астана,Казахстан,Пн: 10:00-23:00; Вт: 10:00-23:00; Ср: 10:00-23:00; Чт: 10:00-23:00; Пт: 10:00-23:00; Сб: 10:00-23:00; Вс: 10:00-23:00,+05:00,4.8,76,87015478277 (администратор: пн-вс 10:00-23:00),,,,,http://aykunspa.tilda.ws,,https://instagram.com/spa_aykun,,,https://wa.me/77751211152,https://wa.me/77015478277,,,,51.115027,71.41559,https://2gis.com/firm/70000001067535800
⁠Aura Prive,,SPA-процедуры; Массажист,"улица Шамши Калдаяков, 3",,,,Сарайшык район,Астана,,Астана,Казахстан,Пн: 11:00-24:00; Вт: 11:00-24:00; Ср: 11:00-24:00; Чт: 11:00-24:00; Пт: 11:00-24:00; Сб: 11:00-24:00; Вс: 11:00-24:00,+05:00,4.6,32,87759158526,,,,,,,https://instagram.com/auraprive_spa_kz,,,https://wa.me/77759158526,,,,,51.118868,71.458778,https://2gis.com/firm/70000001103368332
Euphoria,SPA-салон,SPA-процедуры; Массажист,"переулок Акжелен, 5/1",,,Караоткель-2 м-н,Нура район,Астана,,Астана,Казахстан,Пн: 00:00-24:00; Вт: 00:00-24:00; Ср: 00:00-24:00; Чт: 00:00-24:00; Пт: 00:00-24:00; Сб: 00:00-24:00; Вс: 00:00-24:00,+05:00,4.0,28,87020945517,,,,,,,,,,https://wa.me/77020945517,,,,,51.147592,71.409368,https://2gis.com/firm/70000001076544075
Canna,международная академия духовного развития и здоровья,SPA-процедуры; Психотерапевт; Массажист; Соляные комнаты,"улица Сыганак, 32",ВП: 26,,,Нура район,Астана,,Астана,Казахстан,Пн: 10:00-23:00; Вт: 10:00-23:00; Ср: 10:00-23:00; Чт: 10:00-23:00; Пт: 10:00-23:00; Сб: 10:00-23:00; Вс: 10:00-23:00,+05:00,5.0,74,87789078656,,,,,,,https://instagram.com/canna.academy,,,https://wa.me/77789078656,,,,,51.12781,71.393391,https://2gis.com/firm/70000001089430255
Mali,женский оздоровительный центр,SPA-процедуры; Массажист,"улица Абикен Бектуров, 4/1",НП: 12,,,Нура район,Астана,,Астана,Казахстан,Пн: 10:00-22:00; Вт: 10:00-22:00; Ср: 10:00-22:00; Чт: 10:00-22:00; Пт: 10:00-22:00; Сб: 10:00-22:00; Вс: 10:00-22:00,+05:00,4.7,53,87717770780,,,mali.spa97@gmail.com,,,,https://instagram.com/mali.spa.ast,,,https://wa.me/77717770780,,,,,51.121923,71.400159,https://2gis.com/firm/70000001096235104
Serenity wellness and spa,,SPA-процедуры; Массажист,"Кабанбай батыр проспект, 13",,,,Нура район,Астана,,Астана,Казахстан,Пн: 09:00-24:00; Вт: 09:00-24:00; Ср: 09:00-24:00; Чт: 09:00-24:00; Пт: 09:00-24:00; Сб: 09:00-24:00; Вс: 09:00-24:00,+05:00,4.8,77,87018001826,87018004836,,,,,,https://instagram.com/serenityspa.kz,,,https://wa.me/77018001826,,,,,51.138287,71.415224,https://2gis.com/firm/70000001097454474
Mbs Boutique SPA,,SPA-процедуры; Массажист,"улица Туркестан, 16",А2.010 офис; 2 этаж,,,Есиль район,Астана,,Астана,Казахстан,Пн: 10:00-22:00; Вт: 10:00-22:00; Ср: 10:00-22:00; Чт: 10:00-22:00; Пт: 10:00-22:00; Сб: 10:00-22:00; Вс: 10:00-22:00,+05:00,4.7,212,87777770780,,,mbsboutiquespa@gmail.com,,http://mbsboutiquespa.kz,,https://instagram.com/mbs_boutique_spa,,,https://wa.me/77777770780,,,https://t.me/+77777770780,,51.106987,71.424897,https://2gis.com/firm/70000001065605020
Naomi,СПА-салон,SPA-процедуры; Массажист; Бани и сауны,"улица Азербайжана Мамбетова, 4",,,,Сарыарка район,Астана,,Астана,Казахстан,Пн: 10:00-02:00; Вт: 10:00-02:00; Ср: 10:00-02:00; Чт: 10:00-02:00; Пт: 10:00-02:00; Сб: 10:00-02:00; Вс: 10:00-02:00 (по предварительной записи),+05:00,4.8,120,87751230380,,,,,,,https://instagram.com/spa_naomi_astana,,,,,,https://t.me/77751230380,,51.159313,71.42672,https://2gis.com/firm/70000001038688278
Thai SPA Mirotel,SPA-салон,SPA-процедуры; Массажист,"переулок Аркат, 1",,,Юго-Восток (правая сторона) ж/м,Алматы район,Астана,,Астана,Казахстан,Пн: 10:00-22:00; Вт: 10:00-22:00; Ср: 10:00-22:00; Чт: 10:00-22:00; Пт: 10:00-22:00; Сб: 10:00-22:00; Вс: 10:00-22:00,+05:00,4.9,99,87765240101,87472015710,,,,,,https://instagram.com/thaispa_mirotel,,,https://wa.me/77765240101,https://wa.me/77472015710,,,,51.132375,71.465896,https://2gis.com/firm/70000001092838404
ФАЗЕНДА,комплекс саун,SPA-процедуры; Бани и сауны; Аренда коттеджей; Массажист,"улица 150 лет Абая, 10",,,Коктал ж/м,Сарыарка район,Астана,,Астана,Казахстан,Пн: 00:00-24:00; Вт: 00:00-24:00; Ср: 00:00-24:00; Чт: 00:00-24:00; Пт: 00:00-24:00; Сб: 00:00-24:00; Вс: 00:00-24:00,+05:00,4.8,2128,87005936444,,,,,http://70000001018100760.2gis.biz/,,https://instagram.com/banya.fazenda,,,https://wa.me/77005936444,,,,,51.183742,71.356264,https://2gis.com/firm/70000001018100761
Люкс,общественная и семейная баня,SPA-процедуры; Бани и сауны; Тонизирующие салоны,"улица Республики, 156",,,,,Косшы,Косшы городская администрация,Акмолинская область,Казахстан,"Пн: 11:00-24:00; Вт: 11:00-24:00; Ср: 11:00-24:00; Чт: 11:00-24:00; Пт: 10:00-02:00; Сб: 10:00-02:00; Вс: 10:00-02:00 (касса: пн-чт 11:00-21:00, пт-вс 10:00-23:00)",+05:00,4.8,2021,87085157777 (контакт-центр),,,,,,,https://instagram.com/luxe_kosshi,,,https://wa.me/77079314132,,,,,50.963226,71.350051,https://2gis.com/firm/70000001024134690
7 Бояу,салон тайского массажа и СПА,SPA-процедуры; Массажист,"улица Желтоксан, 24",1 этаж,,,Сарыарка район,Астана,,Астана,Казахстан,Вт: 09:00-24:00; Ср: 09:00-24:00; Чт: 09:00-24:00; Пт: 09:00-24:00; Сб: 09:00-24:00; Вс: 09:00-24:00,+05:00,4.7,148,87000898959,87017133688,,astana-7kpacok@hotmail.com,astana7spa@gmail.com,,,https://instagram.com/7boyau,,,https://wa.me/77000898959,https://wa.me/77017133688,,,,51.172189,71.415206,https://2gis.com/firm/70000001018113127
ХОТТАБЫЧ,сауна на березовых дровах,SPA-процедуры; Бани и сауны; Массажист,"улица Сырымбет, 25",,,Юго-Восток (правая сторона) ж/м,Алматы район,Астана,,Астана,Казахстан,Пн: 00:00-24:00; Вт: 00:00-24:00; Ср: 00:00-24:00; Чт: 00:00-24:00; Пт: 00:00-24:00; Сб: 00:00-24:00; Вс: 00:00-24:00,+05:00,4.9,1862,87084250203,,,htbch@inbox.ru,,http://hottabych.kz,,https://instagram.com/hottabych_banya,https://facebook.com/hottabych.banya,,https://wa.me/77084250203,,,,,51.137175,71.487492,https://2gis.com/firm/70000001034680417
ТЕРЕМОК,комплекс саун на дровах,SPA-процедуры; Аренда коттеджей; Бани и сауны; Массажист,"улица Зеренды, 2/1",,,Юго-Восток (правая сторона) ж/м,Алматы район,Астана,,Астана,Казахстан,Пн: 00:00-24:00; Вт: 00:00-24:00; Ср: 00:00-24:00; Чт: 00:00-24:00; Пт: 00:00-24:00; Сб: 00:00-24:00; Вс: 00:00-24:00,+05:00,4.9,1500,87018054464,87172538082,,,,,,https://instagram.com/teremok.astana,,,https://wa.me/77018054464,,,,,51.13432,71.483131,https://2gis.com/firm/70000001018096415
Life Fitness Astana,фитнес-клуб,SPA-процедуры; Фитнес-клубы; Центры йоги; Тренажёрные залы; Спортивные секции,"улица Туркестан, 2",,,,Есиль район,Астана,,Астана,Казахстан,Пн: 07:00-23:45; Вт: 07:00-23:45; Ср: 07:00-23:45; Чт: 07:00-23:45; Пт: 07:00-23:45; Сб: 09:00-23:45; Вс: 09:00-23:45,+05:00,4.5,1203,87172797373 (отдел продаж ),87172797393,87019531465 (отдел продаж ),admin@life-fitness-astana.kz,,,,https://instagram.com/lifefitnessastana,https://facebook.com/LifeFitAstana,,https://wa.me/77019531465,https://wa.me/77074440364,,,,51.119977,71.429493,https://2gis.com/firm/70000001018069607
Тонус,,SPA-процедуры; Массажист,"проспект Тауелсиздик, 1/1",1 этаж,,,Алматы район,Астана,,Астана,Казахстан,Пн: 11:00-22:00; Вт: 11:00-22:00; Ср: 11:00-22:00; Чт: 11:00-22:00; Пт: 11:00-22:00; Сб: 11:00-22:00; Вс: 11:00-22:00 (по предварительной записи),+05:00,4.5,84,87471045824,,,,,,,https://instagram.com/spasalon_tonus,,,https://wa.me/77471045824,,,,,51.152226,71.451159,https://2gis.com/firm/70000001057351145
AMARI Health&Spa,,SPA-процедуры; Массажист; Бани и сауны,"улица Айша биби, 38",цокольный этаж,,,Нура район,Астана,,Астана,Казахстан,Пн: 10:00-22:00; Вт: 10:00-22:00; Ср: 10:00-22:00; Чт: 10:00-22:00; Пт: 10:00-22:00; Сб: 10:00-22:00; Вс: 10:00-22:00,+05:00,4.9,440,87714370023,,,info@aisha-bibi.com,,http://amarispa.taplink.ws,,https://instagram.com/amari_health_and_spa,,,https://wa.me/77714370023,,,,,51.141659,71.393575,https://2gis.com/firm/70000001055040292
Lavarium,банный комплекс,SPA-процедуры; Бани и сауны; Массажист,"Бухар жырау улица, 25а",,,,Есиль район,Астана,,Астана,Казахстан,Пн: 10:00-23:00; Вт: 10:00-23:00; Ср: 10:00-23:00; Чт: 10:00-23:00; Пт: 10:00-24:00; Сб: 10:00-24:00; Вс: 10:00-24:00,+05:00,4.5,517,87010705870,,,,,,,https://instagram.com/lavarium,,,https://wa.me/77010705870,,,,,51.099507,71.436334,https://2gis.com/firm/70000001094243631
ИЗБУШКА,комплекс саун,SPA-процедуры; Аренда коттеджей; Бани и сауны,"улица Жанкент, 83",,,Юго-Восток (правая сторона) ж/м,Алматы район,Астана,,Астана,Казахстан,Пн: 00:00-24:00; Вт: 00:00-24:00; Ср: 00:00-24:00; Чт: 00:00-24:00; Пт: 00:00-24:00; Сб: 00:00-24:00; Вс: 00:00-24:00,+05:00,4.9,1635,87172540050,87017540050,,,,http://saunaizba.kz,,https://instagram.com/izbushka.astana,,,https://wa.me/77017540050,,,,,51.133835,71.488372,https://2gis.com/firm/70000001024157835
General Spa,,SPA-процедуры; Массажист,"Кабанбай батыр проспект, 5/1",со стороны Керуен Сити,,,Нура район,Астана,,Астана,Казахстан,Пн: 00:00-24:00; Вт: 00:00-24:00; Ср: 00:00-24:00; Чт: 00:00-24:00; Пт: 00:00-24:00; Сб: 00:00-24:00; Вс: 00:00-24:00,+05:00,4.7,64,87089232657,,,thaispageneral@gmail.com,,http://genkino.kz/spa?gad_source=1&gclid=CjwKCAiAzvC9BhADEiwAEhtlN1c0t2gcmauNiUSKaMYrsAXtt9TUrMDKdM9LR_CygjEtEMUNzNEEChoCXFQQAvD_BwE,,https://instagram.com/generalspa.astana,,,https://wa.me/77089232657,,,,,51.143884,71.417268,https://2gis.com/firm/70000001092092819
CLV,гостевой комплекс,SPA-процедуры; Бани и сауны; Банкетные залы; Караоке-залы,"улица Е 126, 6",,,,Нура район,Астана,,Астана,Казахстан,Пн: 00:00-24:00; Вт: 00:00-24:00; Ср: 00:00-24:00; Чт: 00:00-24:00; Пт: 00:00-24:00; Сб: 00:00-24:00; Вс: 00:00-24:00,+05:00,4.9,666,87009990505,87172280505,,clv9990505@mail.ru,,http://clv-astana.kz,,https://instagram.com/clv_astana,,,https://wa.me/77009990505,,,https://t.me/+77009990505,,51.146309,71.34692,https://2gis.com/firm/70000001050669665
DROVAPAR,,SPA-процедуры; Бани и сауны; Массажист,"улица Айнакол, 61",,,Юго-Восток (правая сторона) ж/м,Алматы район,Астана,,Астана,Казахстан,Пн: 00:00-24:00; Вт: 00:00-24:00; Ср: 00:00-24:00; Чт: 00:00-24:00; Пт: 00:00-24:00; Сб: 00:00-24:00; Вс: 00:00-24:00,+05:00,4.8,1319,87479336704,,,drovapar@gmail.com,,http://drovapar.kz,,https://instagram.com/drovapar,https://facebook.com/drovapar,,https://wa.me/77479336704,,,,,51.134965,71.506863,https://2gis.com/firm/70000001037589057
Dacha,гостевой дом,SPA-процедуры; Бани и сауны; Аренда коттеджей; Массажист,"улица Аккемер, 32/2",,,Тельман ж/м,Есиль район,Астана,,Астана,Казахстан,Пн: 00:00-24:00; Вт: 00:00-24:00; Ср: 00:00-24:00; Чт: 00:00-24:00; Пт: 00:00-24:00; Сб: 00:00-24:00; Вс: 00:00-24:00,+05:00,4.8,173,87473889421,,,dacha_astana7@mail.ru,,http://www.dacha-astana.kz,,https://instagram.com/dacha__astana,,,https://wa.me/77473889421,,,,,51.09387,71.494791,https://2gis.com/firm/70000001023564916
Bavaria,,SPA-процедуры; Бани и сауны; Аренда коттеджей; Массажист,"улица Балкантау, 147",,,Юго-Восток (правая сторона) ж/м,Алматы район,Астана,,Астана,Казахстан,Пн: 00:00-24:00; Вт: 00:00-24:00; Ср: 00:00-24:00; Чт: 00:00-24:00; Пт: 00:00-24:00; Сб: 00:00-24:00; Вс: 00:00-24:00,+05:00,4.7,122,87750325050,,,,,,,,,,https://wa.me/77750325050,,,,,51.131392,71.483722,https://2gis.com/firm/70000001033210307
Mira,,SPA-процедуры; Массажист,"проспект Богенбай батыра, 28",,,,Сарыарка район,Астана,,Астана,Казахстан,Пн: 10:00-22:00; Вт: 10:00-22:00; Ср: 10:00-22:00; Чт: 10:00-22:00; Пт: 10:00-22:00; Сб: 10:00-22:00; Вс: 10:00-22:00,+05:00,4.9,36,87712955452,,,ggadzieva539@gmail.com,,http://tiktok.com/@gulmira_astana0,,https://instagram.com/massazhist_mira,,,https://wa.me/77712955452,,,,,51.174547,71.404789,https://2gis.com/firm/70000001100540173
Reyka,банно-оздоровительный комплекс,SPA-процедуры; Бани и сауны; Массажист; Косметолог,"улица Илияс Омаров, 6/1",,,,Нура район,Астана,,Астана,Казахстан,Пн: 10:00-01:00; Вт: 10:00-01:00; Ср: 10:00-01:00; Чт: 10:00-01:00; Пт: 10:00-01:00; Сб: 09:00-01:00; Вс: 09:00-01:00,+05:00,4.7,1436,87777215202,,,,,,,https://instagram.com/reyka.2021,https://facebook.com/101949651860238,,https://wa.me/77777215202,,,,,51.135755,71.371772,https://2gis.com/firm/70000001046594509
Royal Spa,салон,SPA-процедуры; Массажист,"улица Шокана Уалиханова, 7",А блок; 13 этаж,,,Байконыр район,Астана,,Астана,Казахстан,Пн: 14:00-04:00; Вт: 14:00-04:00; Ср: 14:00-04:00; Чт: 14:00-04:00; Пт: 14:00-04:00; Сб: 14:00-04:00; Вс: 14:00-04:00,+05:00,4.9,37,87476800126,,,,,,,https://instagram.com/royal_spa_massagee,,,https://wa.me/77476800126,,,,,51.164814,71.439986,https://2gis.com/firm/70000001020383769
Koricca SPA,,SPA-процедуры; Массажист; Косметолог; Бани и сауны,"проспект Богенбай батыра, 56а",12 этаж,,,Байконыр район,Астана,,Астана,Казахстан,Пн: 10:00-01:00; Вт: 10:00-01:00; Ср: 10:00-01:00; Чт: 10:00-01:00; Пт: 10:00-01:00; Сб: 10:00-01:00; Вс: 10:00-01:00,+05:00,5.0,341,87758574628,,,,,,,https://instagram.com/koricca_spa,,,https://wa.me/77758574628,,,,,51.177074,71.427134,https://2gis.com/firm/70000001081558191
Банный клуб,комплекс бань на дровах,SPA-процедуры; Бани и сауны; Массажист,"улица Ошакты, 8",,,Юго-Восток (правая сторона) ж/м,Алматы район,Астана,,Астана,Казахстан,Пн: 00:00-24:00; Вт: 00:00-24:00; Ср: 00:00-24:00; Чт: 00:00-24:00; Пт: 00:00-24:00; Сб: 00:00-24:00; Вс: 00:00-24:00,+05:00,4.9,153,87762429898,,,,,http://bunclub.bitrix24.site/order/,,https://instagram.com/bannyi.club,,,https://wa.me/77762429898,,,,,51.134305,71.488857,https://2gis.com/firm/70000001071812303
Люкс,общественная баня,SPA-процедуры; Бани и сауны; Тонизирующие салоны; Массажист,"улица Караменде би Шакаулы, 16",,,,Сарыарка район,Астана,,Астана,Казахстан,"Пн: 11:00-24:00; Вт: 11:00-24:00; Ср: 11:00-24:00; Чт: 11:00-24:00; Пт: 10:00-02:00; Сб: 10:00-02:00; Вс: 10:00-02:00 (касса: пн-чт 11:00-21:00, пт-вс 10:00-23:00)",+05:00,4.7,3110,87085157778 (контакт-центр),,,,,,,https://instagram.com/lux_complex,,,https://wa.me/77079314132,,,,,51.173996,71.36986,https://2gis.com/firm/70000001036419074
Grand Prix,клуб здоровья и красоты,SPA-процедуры; Фитнес-клубы; Косметолог; Визажисты; Бани и сауны; Бассейны; Аквааэробика; Ногтевые студии; Парикмахерские,"улица Сарайшык, 1",,,Шубар м-н,Есиль район,Астана,,Астана,Казахстан,Пн: 07:00-24:00; Вт: 07:00-24:00; Ср: 07:00-24:00; Чт: 07:00-24:00; Пт: 07:00-24:00; Сб: 09:00-23:00; Вс: 09:00-23:00,+05:00,4.4,199,87172577333 (отдел бронирования ),87718777222 (отдел продаж),87071777222 (отдел продаж),marketing@grandprixclub.kz,,,,https://instagram.com/grandprixclub,,,https://wa.me/77071777222,,,,,51.136723,71.417676,https://2gis.com/firm/70000001024023081
Tayga,,SPA-процедуры; Бани и сауны; Массажист,"улица Ахмет Байтурсынулы, 18",,,,Сарайшык район,Астана,,Астана,Казахстан,Пн: 11:00-24:00; Вт: 11:00-24:00; Ср: 16:00-24:00; Чт: 11:00-24:00; Пт: 11:00-24:00; Сб: 11:00-24:00; Вс: 11:00-24:00,+05:00,4.6,268,87008889994 (SPA),87008889995 (баня),87783493537 (SPA),,,,,https://instagram.com/tayga.banya.spa,,,https://wa.me/77008889994,https://wa.me/77008889995,https://wa.me/77783493537,,,51.116976,71.513013,https://2gis.com/firm/70000001101275826
ХУТОРОК,банный комплекс,SPA-процедуры; Бани и сауны; Массажист; Аренда коттеджей,"переулок Ойтоган, 1",,,Қараөткел ж/м,Алматы район,Астана,,Астана,Казахстан,Пн: 00:00-24:00; Вт: 00:00-24:00; Ср: 00:00-24:00; Чт: 00:00-24:00; Пт: 00:00-24:00; Сб: 00:00-24:00; Вс: 00:00-24:00,+05:00,4.9,1594,87172436303,87005436303,,,,,,https://instagram.com/hutorok.kz,,,https://wa.me/77005436303,,,,,51.14571,71.480258,https://2gis.com/firm/70000001028506457
Афродита,сауна,SPA-процедуры; Бани и сауны; Массажист,"улица Айганым, 14",,,Караоткель-1 м-н,Нура район,Астана,,Астана,Казахстан,Пн: 00:00-24:00; Вт: 00:00-24:00; Ср: 00:00-24:00; Чт: 00:00-24:00; Пт: 00:00-24:00; Сб: 00:00-24:00; Вс: 00:00-24:00,+05:00,4.7,66,87770875126,87027482491,,,,,,,,,https://wa.me/77770875126,https://wa.me/77027482491,,,,51.141113,71.4035,https://2gis.com/firm/70000001069410553
Comfort Hotel Astana,,SPA-процедуры; Гостиницы,"улица Космонавтов, 60",,,Шубар м-н,Есиль район,Астана,,Астана,Казахстан,Пн: 00:00-24:00; Вт: 00:00-24:00; Ср: 00:00-24:00; Чт: 00:00-24:00; Пт: 00:00-24:00; Сб: 00:00-24:00; Вс: 00:00-24:00,+05:00,4.7,445,87476455785,87018071382 (отдел бронирования),87172244444,info@comforthotel.kz,sales@comforthotel.kz,http://www.comforthotel.kz,,https://instagram.com/comfort_hotel_astana,https://facebook.com/100082555434550,,https://wa.me/77018071382,,,,,51.146903,71.424943,https://2gis.com/firm/70000001018100833
888,банный комплекс,SPA-процедуры; Бани и сауны; Массажист; Косметолог; Эпиляция,"улица Жанайдар Жирентаев, 3",,,,Алматы район,Астана,,Астана,Казахстан,Пн: 12:00-22:00; Вт: 11:00-22:00; Ср: 11:00-22:00; Чт: 11:00-22:00; Пт: 11:00-22:00; Сб: 10:00-22:00; Вс: 10:00-22:00,+05:00,4.5,852,87757916888,87172579888,,,,http://www.banya888.kz,,https://instagram.com/banya_888,,,https://wa.me/77757916888,,,,,51.146797,71.475947,https://2gis.com/firm/70000001018084539
The Ritz-Carlton Astana,,SPA-процедуры; Гостиницы; Конференц-залы; Банкетные залы,"улица Достык, 16",,,,Есиль район,Астана,,Астана,Казахстан,Пн: 00:00-24:00; Вт: 00:00-24:00; Ср: 00:00-24:00; Чт: 00:00-24:00; Пт: 00:00-24:00; Сб: 00:00-24:00; Вс: 00:00-24:00,+05:00,4.7,308,87172734000,,,,,http://ritzcarlton.com/ru/hotels/kazakhstan/astana,,https://instagram.com/ritzcarlton_astana,https://facebook.com/ritzcarltonastana,,,,,,,51.124794,71.431297,https://2gis.com/firm/70000001025236955
Rixos President Astana,отель,SPA-процедуры; Гостиницы; Кейтеринг; Конференц-залы,"улица Динмухамед Конаев, 7",,,,Есиль район,Астана,,Астана,Казахстан,Пн: 00:00-24:00; Вт: 00:00-24:00; Ср: 00:00-24:00; Чт: 00:00-24:00; Пт: 00:00-24:00; Сб: 00:00-24:00; Вс: 00:00-24:00,+05:00,4.7,624,87172245050,,,,,http://rixos.com,http://presidentastana.rixos.com,https://instagram.com/rixospresidentastana,https://facebook.com/rixosastana,,,,,,,51.13427,71.421419,https://2gis.com/firm/70000001018072481
The Veil Taste & Relax​,,SPA-процедуры; Гостиницы,"улица Кадыргали Жалайыри, 4",3-5 этаж,,,Алматы район,Астана,,Астана,Казахстан,Пн: 00:00-24:00; Вт: 00:00-24:00; Ср: 00:00-24:00; Чт: 00:00-24:00; Пт: 00:00-24:00; Сб: 00:00-24:00; Вс: 00:00-24:00,+05:00,4.6,319,87172797767,87010808608,,,,http://theveil.kz/,,https://instagram.com/the_veil_kz,,,https://wa.me/77010808608,,,,,51.14061,71.446126,https://2gis.com/firm/70000001047463171
The One Hotel Astana,гостиница,SPA-процедуры; Гостиницы; Конференц-залы,"улица Кадыргали Жалайыри, 8",,,,Алматы район,Астана,,Астана,Казахстан,Пн: 00:00-24:00; Вт: 00:00-24:00; Ср: 00:00-24:00; Чт: 00:00-24:00; Пт: 00:00-24:00; Сб: 00:00-24:00; Вс: 00:00-24:00,+05:00,4.6,125,87172333700,87172222700,87085007687,,,http://theone-astana.kz,,https://instagram.com/theone_hotel_astana,,,https://wa.me/77085007687,https://wa.me/77712222400,,,,51.139262,71.447068,https://2gis.com/firm/70000001028303693
Aisera Clinic,,SPA-процедуры; Многопрофильные медицинские центры; Медицинская диагностика; Гинеколог; Уролог; Терапевт; Невролог; ЛОР (отоларинголог); Диетолог; Кардиолог; Флеболог; Хирург; Физиотерапевт; Косметолог; Медицинские анализы; Очищение организма; Гастроэнтеролог; Массажист; Эндокринолог; Нефролог; Массажное оборудование; Процедурный кабинет; Ревматолог; Гидромассажное оборудование; Ангиохирург; Детские врачи; Андролог; Мануальный терапевт; Услуги тейпирования; Остеопат; Спортивный врач; Реабилитационные центры; Рефлексотерапевт; Вертебролог; Проктолог; Пульмонолог; Занятия ЛФК; Травматолог-ортопед; Дерматолог,"улица Жумекен Нажимеденов, 14",,,,Сарайшык район,Астана,,Астана,Казахстан,Пн: 08:00-20:00; Вт: 08:00-20:00; Ср: 08:00-20:00; Чт: 08:00-20:00; Пт: 08:00-20:00; Сб: 09:00-17:00; Вс: 09:00-14:00,+05:00,4.7,457,87084250938,87172250938,,aiseraclinic@gmail.com,,http://aiseraclinic.kz,,https://instagram.com/aisera_clinic,https://facebook.com/Aisera-Clinic-112737354524862,,https://wa.me/77084250938,,,,https://youtube.com/channel/UCJWfx09dNG9Y6ccmQQZ3IrQ/about,51.118386,71.476331,https://2gis.com/firm/70000001056306325
Lotus Thai SPA,салон тайского массажа,SPA-процедуры; Массажист,"проспект Тауелсиздик, 34/2",,,,Алматы район,Астана,,Астана,Казахстан,Пн: 10:00-22:00; Вт: 10:00-22:00; Ср: 10:00-22:00; Чт: 10:00-22:00; Пт: 10:00-22:00; Сб: 10:00-22:00; Вс: 10:00-22:00,+05:00,4.9,60,87750516262,87710718008,87010728008,,,http://lotus.kz/ru/,,https://instagram.com/_lotus_thai_spa,,,https://wa.me/77750516262,,,,,51.138374,71.46635,https://2gis.com/firm/70000001097454561
Хан Келдi,банный комплекс,SPA-процедуры; Бани и сауны; Массажист,"улица Беимбет Майлин, 37а",,,,Алматы район,Астана,,Астана,Казахстан,Пн: 00:00-24:00; Вт: 00:00-24:00; Ср: 00:00-24:00; Чт: 00:00-24:00; Пт: 00:00-24:00; Сб: 00:00-24:00; Вс: 00:00-24:00,+05:00,4.9,492,87784176834,,,,,http://khankeldi.kz,,https://instagram.com/khan_keldi.kz,,,https://wa.me/77784176834,,,,,51.14883,71.48619,https://2gis.com/firm/70000001057739039
AISHA BIBI HOTEL&SPA,гостиничный комплекс,SPA-процедуры; Гостиницы; Бани и сауны; Массажист; Конференц-залы,"улица Айша биби, 38",,,,Нура район,Астана,,Астана,Казахстан,Пн: 00:00-24:00; Вт: 00:00-24:00; Ср: 00:00-24:00; Чт: 00:00-24:00; Пт: 00:00-24:00; Сб: 00:00-24:00; Вс: 00:00-24:00,+05:00,4.8,415,87718994209 (отдел бронирования ),87714370023 (спа),87710333686 (конференц-зал ),info@aisha-bibi.com,sales@aisha-bibi.com,http://aishabibi.2gis.biz,http://aisha-bibi.com,https://instagram.com/aishabibi_hotel,,,https://wa.me/77718994209,https://wa.me/77714370023,,,,51.141609,71.393513,https://2gis.com/firm/70000001031888190
Имбирь,SPA-салон,SPA-процедуры; Массажист,"проспект Тауелсиздик, 40/5",,,Юго-Восток (правая сторона) ж/м,Алматы район,Астана,,Астана,Казахстан,Пн: 10:00-22:00; Вт: 10:00-22:00; Ср: 10:00-22:00; Чт: 10:00-22:00; Пт: 10:00-22:00; Сб: 10:00-22:00; Вс: 10:00-22:00,+05:00,4.6,240,87715362111,87015352111,,,,http://www.imbir.kz,,https://instagram.com/imbir_thai_spa,,,https://wa.me/77081118098,,,,,51.132826,71.470288,https://2gis.com/firm/70000001026026818
AqMonsha,банный комплекс,SPA-процедуры; Бани и сауны; Массажист; Эпиляция,"улица Алихан Бокейхан, 34Б",,,,Есиль район,Астана,,Астана,Казахстан,Пн: 11:00-23:00; Вт: 11:00-23:00; Ср: 11:00-23:00; Чт: 11:00-23:00; Пт: 11:00-23:00; Сб: 10:00-24:00; Вс: 10:00-24:00 (санитарный день: последний пн месяца; последний прием в рабочие дни: 20:30; в выходные дни: 21:30),+05:00,4.4,1271,87028123707 (баня),,,,,,,https://instagram.com/aqmonsha_astana,,,https://wa.me/77028123707,,,,,51.093445,71.429351,https://2gis.com/firm/70000001065444076
Persona Spa,,SPA-процедуры; Массажист,"улица Темирбек Жургенов, 18",,,,Сарайшык район,Астана,,Астана,Казахстан,Пн: 10:00-24:00; Вт: 10:00-24:00; Ср: 10:00-24:00; Чт: 10:00-24:00; Пт: 10:00-24:00; Сб: 10:00-24:00; Вс: 10:00-24:00,+05:00,4.9,911,87787004150 (ресепшен ),87078555707,,,,http://personaspa.kz,,https://instagram.com/personaspa.kz,,,https://wa.me/77078555707,https://wa.me/77787004150,,,,51.113409,71.501317,https://2gis.com/firm/70000001047365059
Xпресс Fitness,фитнес-клуб,SPA-процедуры; Фитнес-клубы; Тренажёрные залы; Спортивные секции; Спортивное питание,"улица Шамши Калдаяков, 4","с левой стороны от вывески, за лестницей",,,Сарайшык район,Астана,,Астана,Казахстан,Пн: 07:00-23:00; Вт: 07:00-23:00; Ср: 07:00-23:00; Чт: 07:00-23:00; Пт: 07:00-23:00; Сб: 07:00-23:00; Вс: 07:00-23:00,+05:00,4.7,253,87018003017,,,,,,,https://instagram.com/xpressfitness_astana,,,https://wa.me/77018003017,,,,,51.118319,71.456826,https://2gis.com/firm/70000001018075604
У Реки,банный комплекс,SPA-процедуры; Бани и сауны; Массажист,"улица А-42, 10",,,,Сарайшык район,Астана,,Астана,Казахстан,Пн: 00:00-24:00; Вт: 00:00-24:00; Ср: 00:00-24:00; Чт: 00:00-24:00; Пт: 00:00-24:00; Сб: 00:00-24:00; Вс: 00:00-24:00,+05:00,4.9,34,87017777011,,,,,,,https://instagram.com/ureki.bani.astana,,,https://wa.me/77017777011,,,,,51.105715,71.502971,https://2gis.com/firm/70000001086793734
Onyx Spa,СПА-центр,SPA-процедуры; Массажист,"улица Достык, 1/2",,,,Есиль район,Астана,,Астана,Казахстан,Пн: 10:00-23:00; Вт: 10:00-23:00; Ср: 10:00-23:00; Чт: 10:00-23:00; Пт: 10:00-23:00; Сб: 10:00-23:00; Вс: 10:00-23:00,+05:00,4.8,300,87014555522,,,,,http://taplink.cc/onyxspa,,https://instagram.com/onyx_spa_astana,,,https://wa.me/77014555522,,,,,51.1292,71.419756,https://2gis.com/firm/70000001069595688
Renaissance,СПА-центр,SPA-процедуры; Массажист,"улица Кажымукан, 1",1 этаж,,,Алматы район,Астана,,Астана,Казахстан,Пн: 14:00-23:00; Вт: 10:00-23:00; Ср: 10:00-23:00; Чт: 10:00-23:00; Пт: 10:00-23:00; Сб: 10:00-23:00; Вс: 10:00-23:00,+05:00,4.1,162,87172369112,87788530386,,,,,,https://instagram.com/renaissance_spa_center,,,https://wa.me/77788530386,,,,,51.153196,71.459948,https://2gis.com/firm/70000001018072349
Therma,банный комплекс,SPA-процедуры; Бани и сауны; Массажист; Соляные комнаты,"проспект Туран, 52",1 этаж,,,Нура район,Астана,,Астана,Казахстан,Пн: 10:00-23:00; Вт: 10:00-23:00; Ср: 10:00-23:00; Чт: 10:00-23:00; Пт: 10:00-23:00; Сб: 10:00-23:00; Вс: 10:00-23:00,+05:00,4.5,1003,87068371717,,,info@thermaspa.kz,,,,https://instagram.com/thermakz,,,https://wa.me/77068371717,,,,,51.105223,71.397481,https://2gis.com/firm/70000001064264054
Sheraton,СПА и фитнес-центр,SPA-процедуры; Фитнес-клубы; Тренажёрные залы; Аквааэробика; Массажист,"улица Сыганак, 60/1",3 этаж,,,Есиль район,Астана,,Астана,Казахстан,Пн: 08:00-23:00; Вт: 08:00-23:00; Ср: 08:00-23:00; Чт: 08:00-23:00; Пт: 08:00-23:00; Сб: 08:00-23:00; Вс: 08:00-23:00,+05:00,4.8,82,87773106162,,,,,,,https://instagram.com/sheratonastanahotel,https://facebook.com/SheratonAstana,,https://wa.me/77773106162,,,,,51.122636,71.427076,https://2gis.com/firm/70000001048402789
Имбирь,SPA-салон,SPA-процедуры; Массажист,"проспект Мангилик Ел, 29/2",,,,Есиль район,Астана,,Астана,Казахстан,Пн: 10:00-22:00; Вт: 10:00-22:00; Ср: 10:00-22:00; Чт: 10:00-22:00; Пт: 10:00-22:00; Сб: 10:00-22:00; Вс: 10:00-22:00,+05:00,4.5,447,87015386222,,,,,http://www.imbir.kz,,https://instagram.com/imbir_thai_spa,,,https://wa.me/77015386222,,,,,51.108673,71.429853,https://2gis.com/firm/70000001030061341
My Thai,салон тайского массажа,SPA-процедуры; Массажист,"улица Жумабека Ташенова, 8/3",НП: 2,,,Байконыр район,Астана,,Астана,Казахстан,Пн: 10:00-23:00; Вт: 10:00-23:00; Ср: 10:00-23:00; Чт: 10:00-23:00; Пт: 10:00-23:00; Сб: 10:00-23:00; Вс: 10:00-23:00,+05:00,4.7,258,87012022002,,,,,,,https://instagram.com/mythaispa.astana,,,https://wa.me/77012022002,,,,,51.15193,71.434809,https://2gis.com/firm/70000001080749485
Relax fit,центр здоровья и красоты,SPA-процедуры; Фитнес-клубы; Массажист; Бассейны; Тренажёрные залы,"улица Балкантау, 213",цокольный этаж,,Юго-Восток (правая сторона) ж/м,Алматы район,Астана,,Астана,Казахстан,Пн: 08:00-22:00; Вт: 08:00-22:00; Ср: 08:00-22:00; Чт: 08:00-22:00; Пт: 08:00-22:00; Сб: 08:00-22:00; Вс: 08:00-22:00,+05:00,4.5,105,87172405210,87752737312,87003070091,,,http://www.kazzhol.com,,https://instagram.com/_relaxfitness_,https://facebook.com/100016877346472,,https://wa.me/77003070091,,,https://t.me/77003070091,,51.136701,71.472877,https://2gis.com/firm/70000001024903795
Sobo,СПА-салон,SPA-процедуры; Массажист,"улица Алихан Бокейхан, 11а",,,Заречное ж/м,Есиль район,Астана,,Астана,Казахстан,Пн: 10:00-22:00; Вт: 10:00-22:00; Ср: 10:00-22:00; Чт: 10:00-22:00; Пт: 10:00-22:00; Сб: 10:00-22:00; Вс: 10:00-22:00,+05:00,4.9,328,87020006881,,,,,,,https://instagram.com/sobo.spa,,,https://wa.me/77020006881,,,,,51.104658,71.434366,https://2gis.com/firm/70000001063805202
Delight SPA,оздоровительный СПА-салон,SPA-процедуры; Массажист,"улица Анатолий Храпатый, 14",НП: 4,,,Сарайшык район,Астана,,Астана,Казахстан,Пн: 10:00-23:00; Вт: 10:00-23:00; Ср: 10:00-23:00; Чт: 10:00-23:00; Пт: 10:00-23:00; Сб: 10:00-23:00; Вс: 10:00-23:00,+05:00,4.9,452,87077006343,,,,,http://delightspa.kz,http://www.tiktok.com/@spadelight.ast?_t=8erDEpY489N&_r=1,https://instagram.com/spa.delight,https://facebook.com/spa.delight,,https://wa.me/77077006343,,,https://t.me/safetygroups,,51.111487,71.463291,https://2gis.com/firm/70000001047534867
The spa,салон,SPA-процедуры; Массажист,"улица Шарль де Голль, 3/1",,,Ак-булак-2 ж/м,Алматы район,Астана,,Астана,Казахстан,Пн: 10:00-22:00; Вт: 10:00-22:00; Ср: 10:00-22:00; Чт: 10:00-22:00; Пт: 10:00-22:00; Сб: 10:00-22:00; Вс: 10:00-22:00 (по предварительной записи),+05:00,4.7,290,87711000233,,,,,,,https://instagram.com/thespa_astana,,,https://wa.me/77711000233,,,,,51.142522,71.448919,https://2gis.com/firm/70000001035385635
Имбирь,SPA-салон,SPA-процедуры; Массажист,"улица Алихан Бокейхан, 24",,,,Есиль район,Астана,,Астана,Казахстан,Пн: 10:00-22:00; Вт: 10:00-22:00; Ср: 10:00-22:00; Чт: 10:00-22:00; Пт: 10:00-22:00; Сб: 10:00-22:00; Вс: 10:00-22:00,+05:00,4.9,164,87081118098,,,,,http://www.imbir.kz,,https://instagram.com/imbir_thai_spa,,,https://wa.me/77081118098,,,,,51.100529,71.431992,https://2gis.com/firm/70000001093629504
Лотос,салон красоты,SPA-процедуры; Парикмахерские; Ногтевые студии; Массажист; Оформление бровей и ресниц,"улица Жумекен Нажимеденов, 13","вход с торца, НП: 27",,,Сарайшык район,Астана,,Астана,Казахстан,Пн: 10:00-20:00; Вт: 10:00-20:00; Ср: 10:00-20:00; Чт: 10:00-20:00; Пт: 10:00-20:00; Сб: 10:00-20:00; Вс: 10:00-20:00 (по предварительной записи),+05:00,4.9,129,87717636326,,,,,,,https://instagram.com/lotosbeauty_astana,,,https://wa.me/77717636326,,,,,51.114738,71.510071,https://2gis.com/firm/70000001099184056
Orchidea thai,СПА-центр,SPA-процедуры; Массажист,"проспект Бауыржан Момышулы, 23",,,Қараөткел ж/м,Алматы район,Астана,,Астана,Казахстан,Пн: 10:00-23:00; Вт: 10:00-23:00; Ср: 10:00-23:00; Чт: 10:00-23:00; Пт: 10:00-23:00; Сб: 10:00-23:00; Вс: 10:00-23:00,+05:00,4.4,162,87172238118,87787356666,,,,,,https://instagram.com/orchideaspa,,,https://wa.me/77787356666,,,,,51.14055,71.478559,https://2gis.com/firm/70000001027826218
Santé Beauty Clinic,салон красоты,SPA-процедуры; Массажист; Косметолог; Парикмахерские; Ногтевые студии; Эпиляция,"улица Амман, 6",,,,Алматы район,Астана,,Астана,Казахстан,Пн: 10:00-20:00; Вт: 10:00-20:00; Ср: 10:00-20:00; Чт: 10:00-20:00; Пт: 10:00-20:00; Сб: 10:00-20:00; Вс: 10:00-20:00,+05:00,5.0,47,87785332222,87172332222,,,,,,https://instagram.com/sante_beautyclinic,,,https://wa.me/77785332222,,,,,51.144102,71.445602,https://2gis.com/firm/70000001021007113
Thai`m,SPA-салон,SPA-процедуры; Массажист,"проспект Мангилик Ел, 38",,,,Есиль район,Астана,,Астана,Казахстан,Пн: 10:00-22:00; Вт: 10:00-22:00; Ср: 10:00-22:00; Чт: 10:00-22:00; Пт: 10:00-22:00; Сб: 10:00-22:00; Вс: 10:00-22:00,+05:00,4.9,868,87764288288,,,,,,,https://instagram.com/thaim.spa,,,https://wa.me/77764288288,,,,,51.104426,71.432156,https://2gis.com/firm/70000001063828787
Bali SPA,центр здоровья и красоты,SPA-процедуры; Бассейны; Тренажёрные залы; Массажист,"улица Динмухамед Конаев, 29/2",3 этаж,,,Есиль район,Астана,,Астана,Казахстан,Пн: 07:00-24:00; Вт: 07:00-24:00; Ср: 07:00-24:00; Чт: 07:00-24:00; Пт: 07:00-24:00; Сб: 09:00-24:00; Вс: 09:00-24:00 (до последнего клиента),+05:00,4.5,758,87083158807,,,,,,,https://instagram.com/balispa_astana,,,https://wa.me/77083158807,,,,,51.131982,71.428298,https://2gis.com/firm/70000001035968932
Semeynoye_spa_astana,,SPA-процедуры; Бани и сауны; Массажист,"улица Кайрат Рыскулбеков, 8/4",,,Аль-Фараби м-н,Алматы район,Астана,,Астана,Казахстан,Пн: 10:00-01:00; Вт: 10:00-01:00; Ср: 10:00-01:00; Чт: 10:00-01:00; Пт: 10:00-01:00; Сб: 10:00-01:00; Вс: 10:00-01:00,+05:00,4.8,73,87754302959,,,,,,,https://instagram.com/semeynoye_spa_astana,,,https://wa.me/77754302959,,,,,51.154813,71.49974,https://2gis.com/firm/70000001097865296
Имбирь Thai SPA Platinum,,SPA-процедуры; Массажист; Косметолог,"улица Сыганак, 48а",,,,Нура район,Астана,,Астана,Казахстан,Пн: 10:00-22:00; Вт: 10:00-22:00; Ср: 10:00-22:00; Чт: 10:00-22:00; Пт: 10:00-22:00; Сб: 10:00-22:00; Вс: 10:00-22:00,+05:00,4.8,241,87710333888,,,,,http://www.imbir.kz,,https://instagram.com/imbir_platinum,,,https://wa.me/77710333888,,,,,51.125352,71.409429,https://2gis.com/firm/70000001066193837
Persona Spa,,SPA-процедуры; Массажист,"улица Шокана Уалиханова, 9/1",цокольный этаж,,,Байконыр район,Астана,,Астана,Казахстан,Пн: 10:00-24:00; Вт: 10:00-24:00; Ср: 10:00-24:00; Чт: 10:00-24:00; Пт: 10:00-24:00; Сб: 10:00-24:00; Вс: 10:00-24:00,+05:00,4.9,476,87078555707,87788640880 (ресепшен),,,,,,https://instagram.com/personaspa.kz,,,https://wa.me/77078555707,https://wa.me/77788640880,,,,51.166061,71.438945,https://2gis.com/firm/70000001069511463
Beauty House,салон красоты,SPA-процедуры; Центры йоги; Ногтевые студии; Парикмахерские; Косметолог; Эпиляция; Оформление бровей и ресниц; Массажист; ВУМ гимнастика; Обучение мастеров для салонов красоты; Визажисты,"улица Сарайшык, 27/3","1, 2 этаж",,,Есиль район,Астана,,Астана,Казахстан,Пн: 09:00-22:00; Вт: 09:00-22:00; Ср: 09:00-22:00; Чт: 09:00-22:00; Пт: 09:00-22:00; Сб: 09:00-22:00; Вс: 09:00-22:00,+05:00,4.7,101,87010223399,,,,,http://zapis.kz/salon-beauty-house,,https://instagram.com/beauty_house.astana,,,https://wa.me/77010223399,,,,,51.132499,71.427058,https://2gis.com/firm/70000001019497156
Pro par,банный клуб,SPA-процедуры; Бани и сауны,"переулок Ашутас, 10",,,Интернациональный ж/м,Сарайшык район,Астана,,Астана,Казахстан,Пн: 00:00-24:00; Вт: 00:00-24:00; Ср: 00:00-24:00; Чт: 00:00-24:00; Пт: 00:00-24:00; Сб: 00:00-24:00; Вс: 00:00-24:00,+05:00,4.8,147,87775040001,,,,,,,https://instagram.com/pro_par_club,,,https://wa.me/77775040001,,,,,51.123433,71.577042,https://2gis.com/firm/70000001054610858
Aura,SPA-пространство,SPA-процедуры; Косметолог; Массажист,"Бухар жырау улица, 30",,,,Есиль район,Астана,,Астана,Казахстан,Пн: 11:00-24:00; Вт: 11:00-24:00; Ср: 11:00-24:00; Чт: 11:00-24:00; Пт: 11:00-24:00; Сб: 11:00-24:00; Вс: 11:00-24:00,+05:00,4.8,591,,,,,,,,https://instagram.com/aura_spa_kz,,,https://wa.me/77778498757,,,,,51.100044,71.42575,https://2gis.com/firm/70000001036079310
Dolce-noce,студия массажа,SPA-процедуры; Массажист,"улица Туркестан, 10",цокольный этаж; слева от 6 подъезда,,,Есиль район,Астана,,Астана,Казахстан,Пн: 10:00-22:00; Вт: 10:00-22:00; Ср: 10:00-22:00; Чт: 10:00-22:00; Пт: 10:00-22:00; Сб: 10:00-22:00; Вс: 10:00-22:00,+05:00,4.9,398,87478964356,,,,,http://b770487.alteg.io,,https://instagram.com/massage.dolce.noce,,,https://wa.me/77478964356,,,,,51.109967,71.42727,https://2gis.com/firm/70000001064341278
Светлый,салон красоты,SPA-процедуры; Парикмахерские; Ногтевые студии; Эпиляция; Оформление бровей и ресниц; Визажисты; Массажист,"улица Сарайшык, 7/1",,,,Есиль район,Астана,,Астана,Казахстан,Пн: 11:00-21:00; Вт: 11:00-21:00; Ср: 11:00-21:00; Чт: 11:00-21:00; Пт: 11:00-21:00; Сб: 11:00-21:00; Вс: 11:00-21:00,+05:00,4.8,163,87785761008,,,,,,,https://instagram.com/svetliy.salon,,,https://wa.me/77785761008,,,,,51.135979,71.428693,https://2gis.com/firm/70000001097217910
Osha Spa,,SPA-процедуры; Массажист,"Кабанбай батыр проспект, 13",,,,Нура район,Астана,,Астана,Казахстан,Пн: 11:00-23:00; Вт: 11:00-23:00; Ср: 11:00-23:00; Чт: 11:00-23:00; Пт: 11:00-23:00; Сб: 11:00-23:00; Вс: 11:00-23:00 (по предварительной записи),+05:00,4.7,246,87070143392,,,,,,,https://instagram.com/osha.thaispa,,,https://wa.me/77070143392,,,,,51.138748,71.414131,https://2gis.com/firm/70000001090713126
Ева,семейный СПА-центр,SPA-процедуры; Массажист,"проспект Мангилик Ел, 17",цокольный этаж,,,Есиль район,Астана,,Астана,Казахстан,Пн: 11:00-23:00; Вт: 11:00-23:00; Ср: 11:00-23:00; Чт: 11:00-23:00; Пт: 11:00-23:00; Сб: 11:00-23:00; Вс: 11:00-23:00 (по предварительной записи),+05:00,4.8,238,87015668108 (SPA-салон),,,,,,,https://instagram.com/eva_spa_astana,,,https://wa.me/77015668108,,,,,51.117474,71.43312,https://2gis.com/firm/70000001018127689
Iridium,СПА-центр,SPA-процедуры; Массажист; Косметолог; Бани и сауны,"Кабанбай батыр проспект, 1",3 этаж,,,Нура район,Астана,,Астана,Казахстан,Пн: 07:00-23:00; Вт: 07:00-23:00; Ср: 07:00-23:00; Чт: 07:00-23:00; Пт: 07:00-23:00; Сб: 07:00-23:00; Вс: 07:00-23:00,+05:00,4.7,18,87172790888,87775227305,,,,http://papermark.com/view/cmf6n66xr0003jv042zos3sgh,,https://instagram.com/stregisastana,https://facebook.com/stregisastana,,https://wa.me/77775227305,,,,https://youtube.com/user/StRegisHotels,51.152747,71.424436,https://2gis.com/firm/70000001028790459
Anjana,СПА-центр,SPA-процедуры; Бани и сауны; Массажист; Косметолог,"улица Динмухамед Конаев, 7",цокольный этаж,,,Есиль район,Астана,,Астана,Казахстан,Пн: 07:00-23:00; Вт: 07:00-23:00; Ср: 07:00-23:00; Чт: 07:00-23:00; Пт: 07:00-23:00; Сб: 07:00-23:00; Вс: 07:00-23:00,+05:00,3.8,64,87172245050,87010227775,,,,http://rixos.com,,https://instagram.com/anjana.spa,,,https://wa.me/77010227775,,,,,51.133921,71.421903,https://2gis.com/firm/70000001018379843
BS beauty club,SPA-салон,SPA-процедуры; Косметолог; Массажист,"улица Евгения Брусиловского, 5",2 этаж; ВП: 40,,Целинный м-н,Байконыр район,Астана,,Астана,Казахстан,Пн: 10:00-22:00; Вт: 10:00-22:00; Ср: 10:00-22:00; Чт: 10:00-22:00; Пт: 10:00-22:00; Сб: 10:00-22:00; Вс: 10:00-22:00,+05:00,4.8,225,87784418986,87075115353,,,,http://www.bs-club.kz,,https://instagram.com/bs_beauty_club,,,https://wa.me/77784418986,https://wa.me/77075115353,,,,51.161268,71.455421,https://2gis.com/firm/70000001039106534
Bikesh Massaj&Terapia,,SPA-процедуры; Массажист,"улица Туркестан, 28/1",НП: 1,,,Есиль район,Астана,,Астана,Казахстан,Пн: 10:00-01:00; Вт: 10:00-01:00; Ср: 10:00-01:00; Чт: 10:00-01:00; Пт: 10:00-01:00; Сб: 10:00-01:00; Вс: 10:00-01:00,+05:00,4.7,361,87057165939,,,,,,,https://instagram.com/bikesh_massage_terapia,,,https://wa.me/77057165939,,,,,51.10173,71.425655,https://2gis.com/firm/70000001064863918
BiKe,СПА-комплекс,SPA-процедуры; Соляные комнаты; Массажист,"улица Жанибека тархана, 17",1 этаж,,Целинный м-н,Байконыр район,Астана,,Астана,Казахстан,Пн: 10:00-23:00; Вт: 10:00-23:00; Ср: 10:00-23:00; Чт: 10:00-23:00; Пт: 10:00-23:00; Сб: 10:00-23:00; Вс: 10:00-23:00 (по предварительной записи),+05:00,4.5,146,87757114981,,,,,,,https://instagram.com/spabike_astana,,,https://wa.me/77757114981,,,,,51.159119,71.456582,https://2gis.com/firm/70000001048004594
Celebrity SPA,салон,SPA-процедуры; Косметолог; Парикмахерские; Визажисты; Ногтевые студии; Бани и сауны; Массажист; Эпиляция,"проспект Туран, 30",1 этаж,,,Нура район,Астана,,Астана,Казахстан,Пн: 09:00-24:00; Вт: 09:00-24:00; Ср: 09:00-24:00; Чт: 09:00-24:00; Пт: 09:00-24:00; Сб: 09:00-24:00; Вс: 09:00-24:00,+05:00,4.5,67,87172567755,87011000709,,,,http://www.celebrityspa.kz,,https://instagram.com/celebrityspa,,,https://wa.me/77011000709,,,,,51.129069,71.406256,https://2gis.com/firm/70000001019502472
Soul City Spa,,SPA-процедуры; Парикмахерские; Ногтевые студии; Косметолог; Оформление бровей и ресниц; Эпиляция,"проспект Мангилик Ел, 17",2 этаж,,,Есиль район,Астана,,Астана,Казахстан,Пн: 10:00-21:00; Вт: 10:00-21:00; Ср: 10:00-21:00; Чт: 10:00-21:00; Пт: 10:00-21:00; Сб: 10:00-21:00; Вс: 10:00-21:00,+05:00,4.8,88,87172299429,87758885775,,,,,,https://instagram.com/soul_city_spa,,,https://wa.me/77758885775,,,,,51.117474,71.43312,https://2gis.com/firm/70000001022465849
Восточная Аура,SPA-салон,SPA-процедуры; Массажист,"улица Хиуаз Доспанова, 1",,,,Сарайшык район,Астана,,Астана,Казахстан,Пн: 10:00-03:00; Вт: 10:00-03:00; Ср: 10:00-03:00; Чт: 10:00-03:00; Пт: 10:00-03:00; Сб: 10:00-03:00; Вс: 10:00-03:00 (по предварительной записи),+05:00,4.9,93,87074004066,,,,,,,https://instagram.com/vostochnaya_aura,,,https://wa.me/77074004066,,,,,51.126034,71.506481,https://2gis.com/firm/70000001041552131
Jan&Par,баня на пеллетах,SPA-процедуры; Косметолог; Бани и сауны; Товары для бань и саун; Массажист,"проспект Бауыржан Момышулы, 2",,,,Алматы район,Астана,,Астана,Казахстан,Пн: 00:00-24:00; Вт: 00:00-24:00; Ср: 00:00-24:00; Чт: 00:00-24:00; Пт: 00:00-24:00; Сб: 00:00-24:00; Вс: 00:00-24:00,+05:00,5.0,21,87714444474,,,,,,,https://instagram.com/spa_janpar,,,https://wa.me/77714444474,,,,,51.130872,71.459274,https://2gis.com/firm/70000001104518926
Let`s Relax,СПА-центр,SPA-процедуры; Ногтевые студии; Косметолог; Массажист; Эпиляция; Оформление бровей и ресниц; Обучение мастеров для салонов красоты,"улица Шамши Калдаяков, 4",,,,Сарайшык район,Астана,,Астана,Казахстан,Пн: 09:00-22:00; Вт: 09:00-22:00; Ср: 09:00-22:00; Чт: 09:00-22:00; Пт: 09:00-22:00; Сб: 09:00-22:00; Вс: 09:00-22:00,+05:00,4.9,90,87718115437,,,,,http://zapis.kz/spa-lets-relax,,https://instagram.com/spa_lets_relax,,,https://wa.me/77718115437,https://wa.me/77782133014,,https://t.me/+77782133014,,51.118319,71.456826,https://2gis.com/firm/70000001040394552
Buddha Spa Premium,,SPA-процедуры; Массажист,"проспект Туран, 54",,,,Нура район,Астана,,Астана,Казахстан,Пн: 11:00-23:00; Вт: 11:00-23:00; Ср: 11:00-23:00; Чт: 11:00-23:00; Пт: 11:00-23:00; Сб: 11:00-23:00; Вс: 11:00-23:00,+05:00,4.8,738,87005298001 (администратор),,,,,http://kuula.co/share/5n2zY/collection/7cFJ9,,https://instagram.com/buddhaspa_premium_astana,,,https://wa.me/77005298001,,,,,51.103855,71.397484,https://2gis.com/firm/70000001082832139
Royal Beauty,салон красоты,SPA-процедуры; Парикмахерские; Ногтевые студии; Косметолог; Массажист; Оформление бровей и ресниц; Эпиляция; Визажисты,"улица Сарайшык, 9",1 этаж,,,Есиль район,Астана,,Астана,Казахстан,Пн: 09:00-20:00; Вт: 09:00-20:00; Ср: 09:00-20:00; Чт: 09:00-20:00; Пт: 09:00-20:00; Сб: 09:00-20:00; Вс: 09:00-20:00 (по предварительной записи),+05:00,4.7,38,87172602444,87024823434,,,,,,https://instagram.com/royal_beauty_astana,,,https://wa.me/77024823434,,,,,51.134723,71.429566,https://2gis.com/firm/70000001018113208
Qazaq qonaq yi,гостевой дом,SPA-процедуры; Бани и сауны; Массажист; Гостиницы; Аренда коттеджей,"улица Айша биби, 52",,,,Нура район,Астана,,Астана,Казахстан,Пн: 00:00-24:00; Вт: 00:00-24:00; Ср: 00:00-24:00; Чт: 00:00-24:00; Пт: 00:00-24:00; Сб: 00:00-24:00; Вс: 00:00-24:00,+05:00,4.7,164,87003023848,87766660252 (отдел бронирования ),,,,,,https://instagram.com/qazaqqonaq.yi,,,https://wa.me/77766660252,,,,,51.143475,71.389733,https://2gis.com/firm/70000001087625169
Zoloto,салон красоты,SPA-процедуры; Парикмахерские; Косметолог; Массажист; Ногтевые студии; Студии загара; Эпиляция; Визажисты; Оформление бровей и ресниц; Подолог,"улица Толе би, 59",11 офис,,,Нура район,Астана,,Астана,Казахстан,Пн: 10:00-21:00; Вт: 10:00-21:00; Ср: 10:00-21:00; Чт: 10:00-21:00; Пт: 10:00-21:00; Сб: 10:00-21:00; Вс: 10:00-21:00,+05:00,4.8,453,87772567788,,,,,,,https://instagram.com/salon_zoloto,,,https://wa.me/77772567788,,,,,51.133237,71.3963,https://2gis.com/firm/70000001067950499
Callisto,косметологическая клиника,SPA-процедуры; Косметолог; Массажист,"проспект Мангилик Ел, 31",,,,Есиль район,Астана,,Астана,Казахстан,Пн: 10:00-23:00; Вт: 10:00-23:00; Ср: 10:00-23:00; Чт: 10:00-23:00; Пт: 10:00-23:00; Сб: 10:00-23:00; Вс: 10:00-23:00,+05:00,4.9,111,87773086565 (отдел косметологии),,,,,http://callisto-med.kz,,https://instagram.com/callisto_cosmetology,https://facebook.com/callisto.med,,https://wa.me/77773086565,,,,,51.107262,71.43006,https://2gis.com/firm/70000001022774247
Chinese Head Spa,,SPA-процедуры; Массажист,"улица Алихан Бокейхан, 11",1 этаж,,Заречное ж/м,Есиль район,Астана,,Астана,Казахстан,Пн: 10:00-20:00; Вт: 10:00-20:00; Ср: 10:00-20:00; Чт: 10:00-20:00; Пт: 10:00-20:00; Сб: 10:00-20:00; Вс: 10:00-20:00,+05:00,4.7,174,87774688131,,,,,,,https://instagram.com/chineseheadspa,,,https://wa.me/77774688131,,,,,51.105762,71.435644,https://2gis.com/firm/70000001068804003
Cas,салон красоты и SPA,SPA-процедуры; Косметолог; Массажист; Оформление бровей и ресниц; Ногтевые студии; Парикмахерские,"проспект Мангилик Ел, 41/5",около 2 подъезда,,,Есиль район,Астана,,Астана,Казахстан,Пн: 09:00-21:00; Вт: 09:00-21:00; Ср: 09:00-21:00; Чт: 09:00-21:00; Пт: 09:00-21:00; Сб: 09:00-21:00; Вс: 09:00-21:00,+05:00,4.8,140,87005197564,,,,,,,https://instagram.com/cas_sclub,,,https://wa.me/77005197564,,,,,51.102397,71.425706,https://2gis.com/firm/70000001080789909
Aidai Sulu,,SPA-процедуры; Массажист; Косметолог,"Бухар жырау улица, 36",,,,Есиль район,Астана,,Астана,Казахстан,Пн: 10:00-23:00; Вт: 10:00-23:00; Ср: 10:00-23:00; Чт: 10:00-23:00; Пт: 10:00-23:00; Сб: 10:00-23:00; Вс: 10:00-23:00,+05:00,4.9,147,87089218262,,,,,,,https://instagram.com/aidaisulu.cosmospa,,,https://wa.me/77089218262,,,,,51.097571,71.442044,https://2gis.com/firm/70000001089306491
Beauty time,салон красоты,SPA-процедуры; Парикмахерские; Косметолог; Ногтевые студии; Массажист; Визажисты; Эпиляция; Услуги пирсинга,"улица Акмешит, 7Б",,,,Есиль район,Астана,,Астана,Казахстан,Пн: 10:00-20:00; Вт: 10:00-20:00; Ср: 10:00-20:00; Чт: 10:00-20:00; Пт: 10:00-20:00; Сб: 10:00-20:00; Вс: 10:00-20:00,+05:00,4.8,78,87011623477,,,,,http://beautytime.kz,,https://instagram.com/beautytime.kz,,,https://wa.me/77011623477,,,,,51.116512,71.423339,https://2gis.com/firm/70000001038693334
Сулу бол,косметология,SPA-процедуры; Косметолог; Эпиляция; Массажист; Тонизирующие салоны; Обучение мастеров для салонов красоты,"улица Беимбет Майлин, 19",330 кабинет; 3 этаж,,,Алматы район,Астана,,Астана,Казахстан,Пн: 09:00-22:00; Вт: 09:00-22:00; Ср: 09:00-22:00; Чт: 09:00-22:00; Пт: 09:00-22:00; Сб: 09:00-22:00; Вс: 09:00-22:00 (по предварительной записи),+05:00,4.9,84,87083331028,87773431328,,,,http://sulu-bol-ast.aqulas.me,,https://instagram.com/sulu.bol_ast,,,https://wa.me/77083331028,,,,,51.14574,71.476058,https://2gis.com/firm/70000001066142724
Shipajai,СПА-салон,SPA-процедуры; Массажист,"проспект Магжана Жумабаева, 27/11",,,Юго-Восток (правая сторона) ж/м,Алматы район,Астана,,Астана,Казахстан,Пн: 12:00-20:00; Вт: 12:00-20:00; Ср: 12:00-20:00; Чт: 12:00-20:00; Пт: 12:00-20:00; Сб: 12:00-20:00; Вс: 12:00-20:00,+05:00,4.8,16,87787778855,,,,,,,https://instagram.com/spa_shipajai,,,https://wa.me/77787778855,,,,,51.13736,71.490246,https://2gis.com/firm/70000001033183662
Alteri,центр йоги,SPA-процедуры; Центры йоги; Фитнес-клубы; Обучение танцам,"улица Алихан Бокейхан, 48",НП: 12,,,Есиль район,Астана,,Астана,Казахстан,Пн: 07:00-22:00; Вт: 07:00-22:00; Ср: 07:00-22:00; Чт: 07:00-22:00; Пт: 07:00-22:00; Сб: 07:00-16:00; Вс: 10:00-19:00,+05:00,4.9,125,87768881655,,,,,http://f49006.fitbase.io/schedule-fitbase-widget,,https://instagram.com/alteri.studio,,,https://wa.me/77768881655,,,,,51.087019,71.427142,https://2gis.com/firm/70000001083794235
Women Spa,,SPA-процедуры,"улица Кенесары, 1",,,,Сарыарка район,Астана,,Астана,Казахстан,Пн: 10:00-22:00; Вт: 10:00-22:00; Ср: 10:00-22:00; Чт: 10:00-22:00; Пт: 10:00-22:00; Сб: 10:00-22:00; Вс: 10:00-22:00,+05:00,4.9,420,87007143851,,,,,http://womenspa.kz,,https://instagram.com/women.spa.astana,,,https://wa.me/77007143851,,,,,51.16226,71.399567,https://2gis.com/firm/70000001095202726
CAMELOT,премиум сауна и гостевой дом,SPA-процедуры; Бани и сауны; Аренда коттеджей; Массажист,"улица Карашаш ана, 13",,,Караоткель-1 м-н,Нура район,Астана,,Астана,Казахстан,Пн: 00:00-24:00; Вт: 00:00-24:00; Ср: 00:00-24:00; Чт: 00:00-24:00; Пт: 00:00-24:00; Сб: 00:00-24:00; Вс: 00:00-24:00,+05:00,4.6,94,87077689004,,,,,http://camelot.2gis.biz/,http://camelot-astana.kz/,https://instagram.com/camelot_kz,,,https://wa.me/77077689004,,,,,51.140287,71.398488,https://2gis.com/firm/70000001041395046
Mada,центр коррекции фигуры,SPA-процедуры; Косметолог; Массажист; Ногтевые студии,"улица Кордай, 2",,,Юго-Восток (правая сторона) ж/м,Алматы район,Астана,,Астана,Казахстан,Пн: 10:00-20:00; Вт: 10:00-20:00; Ср: 10:00-20:00; Чт: 10:00-20:00; Пт: 10:00-20:00; Сб: 10:00-20:00; Вс: 10:00-20:00,+05:00,4.7,39,87000800845,87053052606,87025470150 (мастер маникюра),,,http://taplink.cc/mada.astana,,https://instagram.com/mada.astana,,,https://wa.me/77053052606,https://wa.me/77000800845,,,,51.143928,71.497199,https://2gis.com/firm/70000001024097549
Cas beauty,SPA-салон,SPA-процедуры; Массажист; Ногтевые студии; Косметолог; Парикмахерские; Визажисты; Оформление бровей и ресниц; Перманентный макияж,"проспект Улы Дала, 39",,,,Есиль район,Астана,,Астана,Казахстан,Пн: 09:00-21:00; Вт: 09:00-21:00; Ср: 09:00-21:00; Чт: 09:00-21:00; Пт: 09:00-21:00; Сб: 09:00-21:00; Вс: 09:00-21:00,+05:00,4.6,183,87075555573,,,,,,,https://instagram.com/cas_beauty_spa,,,https://wa.me/77075555573,,,,,51.098903,71.41078,https://2gis.com/firm/70000001061322281
Siluetica,центр коррекции фигуры,SPA-процедуры; Массажист; Косметолог,"Кабанбай батыр проспект, 48/9",,,,Есиль район,Астана,,Астана,Казахстан,Пн: 09:00-21:00; Вт: 09:00-21:00; Ср: 09:00-21:00; Чт: 09:00-21:00; Пт: 09:00-21:00; Сб: 09:00-21:00; Вс: 09:00-21:00,+05:00,4.7,66,87767301616,,,,,,,https://instagram.com/siluetica_kz,,,https://wa.me/77767301616,,,,,51.111952,71.413672,https://2gis.com/firm/70000001037327840
Купели,банный комплекс,SPA-процедуры; Бани и сауны; Массажист,"улица Кызылкениш, 12",,,,Сарыарка район,Астана,,Астана,Казахстан,Пн: 09:00-04:00; Вт: 09:00-04:00; Ср: 09:00-04:00; Чт: 09:00-04:00; Пт: 09:00-04:00; Сб: 09:00-04:00; Вс: 09:00-04:00,+05:00,4.8,335,87711579966,87058887119,,,,,,https://instagram.com/kupeli_banya,,,https://wa.me/77711579966,https://wa.me/77058887119,,,,51.175772,71.372098,https://2gis.com/firm/70000001063032864
Русская,сауна,SPA-процедуры; Бани и сауны; Массажист,"улица Саркан, 26",,,Юго-Восток (правая сторона) ж/м,Алматы район,Астана,,Астана,Казахстан,Пн: 00:00-24:00; Вт: 00:00-24:00; Ср: 00:00-24:00; Чт: 00:00-24:00; Пт: 00:00-24:00; Сб: 00:00-24:00; Вс: 00:00-24:00,+05:00,5.0,1,87056249960,,,,,,,,,,https://wa.me/77056249960,,,,,51.139095,71.491896,https://2gis.com/firm/70000001088052290
QaQaO,СПА-клуб,SPA-процедуры; Массажист,"улица Тарас Шевченко, 8",2 этаж,,,Сарыарка район,Астана,,Астана,Казахстан,Пн: 10:00-21:00; Вт: 10:00-21:00; Ср: 10:00-21:00; Чт: 10:00-21:00; Пт: 10:00-21:00; Сб: 10:00-21:00; Вс: 10:00-21:00 (по предварительной записи),+05:00,4.7,428,87075475636,,,,,,,https://instagram.com/qaqao.kz,,,https://wa.me/77075475636,,,,,51.159981,71.406461,https://2gis.com/firm/70000001030823355
Lady`s fit,женская фитнес-студия,SPA-процедуры; Фитнес-клубы; Центры йоги; Велнес-залы; Тренажёрные залы,"улица Айтеке би, 16",,,,Нура район,Астана,,Астана,Казахстан,"Пн: 07:30-13:00, 16:00-22:00; Вт: 07:30-13:00, 16:00-22:00; Ср: 07:30-13:00, 16:00-22:00; Чт: 07:30-13:00, 16:00-22:00; Пт: 07:30-13:00, 16:00-22:00; Сб: 07:30-13:00, 16:00-22:00",+05:00,4.9,523,87762701113,,,,,,,https://instagram.com/ladysfit.kz,,,https://wa.me/77762701113,,,,,51.141929,71.383136,https://2gis.com/firm/70000001051894699
Nirvana Thai Spa,,SPA-процедуры; Массажист,"улица Алихан Бокейхан, 11",,,Заречное ж/м,Есиль район,Астана,,Астана,Казахстан,Пн: 10:00-23:00; Вт: 10:00-23:00; Ср: 10:00-23:00; Чт: 10:00-23:00; Пт: 10:00-23:00; Сб: 10:00-23:00; Вс: 10:00-23:00,+05:00,5.0,48,87025274028,,,,,,,https://instagram.com/nirvana_thaispa,,,https://wa.me/77025274028,,,,,51.105147,71.434914,https://2gis.com/firm/70000001103151971
Velvet Charm,центр семейного массажа,SPA-процедуры; Массажист; Эпиляция; Обучение массажистов,"улица Алихан Бокейхан, 2",около столовой Еламан,,,Есиль район,Астана,,Астана,Казахстан,Пн: 11:00-21:00; Вт: 11:00-21:00; Ср: 11:00-21:00; Чт: 11:00-21:00; Пт: 11:00-21:00; Сб: 11:00-21:00; Вс: 11:00-21:00,+05:00,4.9,106,87066112346,,,,,http://zapis.kz/salon/zhenskaya-studiya-swallow-2075,,https://instagram.com/velvet_charm_massage,,,https://wa.me/77066112346,,,,,51.119744,71.440892,https://2gis.com/firm/70000001052138280
Apple Spa,кабинет массажа,SPA-процедуры; Массажист,"Керей, Жанибек хандар улица, 50/3",НП: 16,,,Есиль район,Астана,,Астана,Казахстан,Пн: 10:00-22:00; Вт: 10:00-22:00; Ср: 10:00-22:00; Чт: 10:00-22:00; Пт: 10:00-22:00; Сб: 10:00-22:00; Вс: 10:00-22:00,+05:00,4.9,34,87080341818,,,,,,,https://instagram.com/applespa.ast,,,https://wa.me/77080341818,,,,,51.103071,71.449875,https://2gis.com/firm/70000001102763254
Mango Thai Spa,,SPA-процедуры; Массажист,"Кабанбай батыр проспект, 56а",4 офис,,,Есиль район,Астана,,Астана,Казахстан,Пн: 12:00-24:00; Вт: 12:00-24:00; Ср: 12:00-24:00; Чт: 12:00-24:00; Пт: 12:00-24:00; Сб: 12:00-24:00; Вс: 12:00-24:00,+05:00,4.6,162,87053335898,,,,,,,https://instagram.com/mangothaispa,https://facebook.com/MangoThaiSpa,,https://wa.me/77053335898,,,,,51.099924,71.407556,https://2gis.com/firm/70000001061570323
Majestic,массажная студия,SPA-процедуры; Массажист,"микрорайон Самал, 11",1 этаж,,Самал м-н,Сарыарка район,Астана,,Астана,Казахстан,Пн: 12:00-22:00; Вт: 12:00-22:00; Ср: 12:00-22:00; Чт: 12:00-22:00; Пт: 12:00-22:00; Сб: 12:00-22:00; Вс: 12:00-22:00,+05:00,4.9,92,87079257583,,,,,http://n804540.alteg.io,,https://instagram.com/majestic.astana,,,https://wa.me/77079257583,,,,,51.153585,71.429633,https://2gis.com/firm/70000001071828249
Morocco spa,,SPA-процедуры,"улица Казыбек би, 37",,,,Нура район,Астана,,Астана,Казахстан,Пн: 12:00-24:00; Вт: 12:00-24:00; Ср: 12:00-24:00; Чт: 12:00-24:00; Пт: 12:00-24:00; Сб: 12:00-24:00; Вс: 12:00-24:00,+05:00,4.8,24,87473851737,,,,,,,https://instagram.com/morocco.spa_,,,https://wa.me/77473851737,,,,,51.100959,71.384121,https://2gis.com/firm/70000001102860707
zen_spa.astana,,SPA-процедуры; Массажист; Эпиляция,"улица Санжара Асфендиярова, 8",,,,Нура район,Астана,,Астана,Казахстан,Пн: 10:00-03:00; Вт: 10:00-03:00; Ср: 10:00-03:00; Чт: 10:00-03:00; Пт: 10:00-03:00; Сб: 10:00-03:00; Вс: 10:00-03:00,+05:00,5.0,1,87776820605,,,,,,,https://instagram.com/zen_spa.astana,,,https://wa.me/77776820605,,,,,51.134353,71.381424,https://2gis.com/firm/70000001101490058
Фортуна,,SPA-процедуры; Бани и сауны,"Альмукан Сембинов улица, 13/1",1 этаж,,,Байконыр район,Астана,,Астана,Казахстан,Пн: 00:00-24:00; Вт: 00:00-24:00; Ср: 00:00-24:00; Чт: 00:00-24:00; Пт: 00:00-24:00; Сб: 00:00-24:00; Вс: 00:00-24:00,+05:00,4.5,90,87087223772,87778693103,,,,,,,,,https://wa.me/77087223772,https://wa.me/77778693103,,,,51.171282,71.450248,https://2gis.com/firm/70000001066909148
Еміл,SPA-салон,SPA-процедуры; Массажист; Перманентный макияж; Оформление бровей и ресниц,"улица Туркестан, 2 блок 1",,,,Есиль район,Астана,,Астана,Казахстан,Пн: 11:00-23:00; Вт: 11:00-23:00; Ср: 11:00-23:00; Чт: 11:00-23:00; Пт: 11:00-23:00; Сб: 11:00-23:00; Вс: 11:00-23:00,+05:00,4.4,32,87005870688,,,,,,,https://instagram.com/emil_spa_salon_,,,https://wa.me/77005870688,,,,,51.118771,71.429899,https://2gis.com/firm/70000001084290919
Satori,центр здоровья и красоты,SPA-процедуры,"улица Шаймерден Косшыгулулы, 3/1",,,,Сарыарка район,Астана,,Астана,Казахстан,Пн: 11:00-24:00; Вт: 11:00-24:00; Ср: 11:00-24:00; Чт: 11:00-24:00; Пт: 11:00-02:00; Сб: 11:00-02:00; Вс: 11:00-01:00,+05:00,4.8,268,87075555017 (администратор),87762840040,87787069326,,,http://satorihealthkz.wixsite.com/satorihealthkz,,https://instagram.com/satori_spa_astana,https://facebook.com/satorihealth.kz,,https://wa.me/77075555017,https://wa.me/77762840040,https://wa.me/77787069326,,,51.166923,71.392072,https://2gis.com/firm/70000001032502909
ХОТТАБЫЧ,сауна на березовых дровах,SPA-процедуры; Бани и сауны; Массажист,"улица Жайылма, 16",,,,Сарыарка район,Астана,,Астана,Казахстан,Пн: 00:00-24:00; Вт: 00:00-24:00; Ср: 00:00-24:00; Чт: 00:00-24:00; Пт: 00:00-24:00; Сб: 00:00-24:00; Вс: 00:00-24:00,+05:00,4.9,299,87766107979,,,,,http://hottabych.kz,,https://instagram.com/hottabych_banya,,,https://wa.me/77766107979,,,,,51.177155,71.374812,https://2gis.com/firm/70000001087777683
Blissthai,,SPA-процедуры; Массажист,"проспект Сарыарка, 4",408 офис; 4 этаж,,,Сарыарка район,Астана,,Астана,Казахстан,Пн: 11:00-24:00; Вт: 11:00-24:00; Ср: 11:00-24:00; Чт: 11:00-24:00; Пт: 11:00-24:00; Сб: 11:00-24:00; Вс: 11:00-24:00,+05:00,5.0,64,87027124837,,,,,,,https://instagram.com/Blissthai_astana,,,https://wa.me/77027124837,,,,,51.159649,71.411803,https://2gis.com/firm/70000001102717044
Bliss,центр оздоровления и омоложения,SPA-процедуры; Остеопат; Массажист; Косметолог,"улица Култегин, 7",,,,Нура район,Астана,,Астана,Казахстан,Пн: 10:00-20:00; Вт: 10:00-20:00; Ср: 10:00-20:00; Чт: 10:00-20:00; Пт: 10:00-20:00; Сб: 10:00-20:00; Вс: 10:00-20:00,+05:00,4.4,77,87789815319,,,,,,,https://instagram.com/bliss_osteo,,,https://wa.me/77789815319,,,,,51.130466,71.370818,https://2gis.com/firm/70000001045336050
Tonus Room,,SPA-процедуры; Массажист; Косметолог,"улица Алихан Бокейхан, 44",,,,Есиль район,Астана,,Астана,Казахстан,Пн: 09:00-21:00; Вт: 09:00-21:00; Ср: 09:00-21:00; Чт: 09:00-21:00; Пт: 09:00-21:00; Сб: 09:00-21:00; Вс: 09:00-21:00,+05:00,4.5,35,87071023393,,,,,http://tonusroom-online.ru/,,https://instagram.com/tonus_room_astana,,https://vk.com/tonus_room_kz,https://wa.me/77479002114,,,,,51.08835,71.426574,https://2gis.com/firm/70000001066421972
Saya lux spa,,SPA-процедуры,"улица Шаймерден Косшыгулулы, 24/1",цокольный этаж,,,Сарыарка район,Астана,,Астана,Казахстан,Вт: 12:00-22:00; Ср: 12:00-22:00; Чт: 12:00-22:00; Пт: 12:00-22:00; Сб: 12:00-22:00; Вс: 12:00-22:00 (санитарный день: пн),+05:00,4.8,359,87470491388,,,,,,,https://instagram.com/saya_lux_spa,,,https://wa.me/77470491388,,,,,51.173263,71.379049,https://2gis.com/firm/70000001035923945
Lotus Thai SPA,салон тайского массажа,SPA-процедуры; Массажист,"улица Динмухамед Конаев, 35/1",1 этаж; ВП: 2,,,Есиль район,Астана,,Астана,Казахстан,Пн: 10:00-22:00; Вт: 10:00-22:00; Ср: 10:00-22:00; Чт: 10:00-22:00; Пт: 10:00-22:00; Сб: 10:00-22:00; Вс: 10:00-22:00,+05:00,4.5,209,87750516262,,,,,,,https://instagram.com/_lotus_thai_spa,,,https://wa.me/77750516262,,,,,51.131066,71.438985,https://2gis.com/firm/70000001028642934
Spa Time,,SPA-процедуры; Парикмахерские; Косметолог; Ногтевые студии; Массажист; Эпиляция; Визажисты,"проспект Сарыарка, 4",1 этаж,,,Сарыарка район,Астана,,Астана,Казахстан,Пн: 09:00-21:00; Вт: 09:00-21:00; Ср: 09:00-21:00; Чт: 09:00-21:00; Пт: 09:00-21:00; Сб: 09:00-21:00; Вс: 09:00-21:00,+05:00,4.8,96,87017169694,87783689292,,,,,,https://instagram.com/spa_time_astana,,,https://wa.me/77017169694,https://wa.me/77783689292,,,,51.159649,71.411803,https://2gis.com/firm/70000001028619073
Aquatherma,,SPA-процедуры; Бани и сауны; Массажист,"улица Республики, 15",,,,,Косшы,Косшы городская администрация,Акмолинская область,Казахстан,"Вт: 11:00-24:00; Ср: 11:00-24:00; Чт: 11:00-24:00; Пт: 11:00-24:00; Сб: 11:00-24:00; Вс: 11:00-24:00 (санитарный день: пн; женский день: вт; мужской день: ср, чт, пт, сб, вс)",+05:00,4.9,526,87766257225,87778397243,,,,http://www.aquatherma.kz/,,https://instagram.com/aquatherma.kz,,,https://wa.me/77778397243,https://wa.me/77766257225,,,,50.994254,71.371203,https://2gis.com/firm/70000001084557472
Iris Spa & Salt Cave,,SPA-процедуры; Соляные комнаты; Массажист,"улица Щорса, 12/2",,,,Сарыарка район,Астана,,Астана,Казахстан,Пн: 10:00-20:00; Вт: 10:00-20:00; Ср: 10:00-20:00; Чт: 10:00-20:00; Пт: 10:00-20:00; Сб: 10:00-20:00; Вс: 10:00-20:00,+05:00,4.8,81,87081294505,,,,,,,https://instagram.com/iris_spa.saltcave,,,https://wa.me/77081294505,,,https://t.me/+77081294505,,51.172336,71.401093,https://2gis.com/firm/70000001085348091
Jailau Resort,,SPA-процедуры; Бани и сауны; Банкетные залы; Базы отдыха,"Каркаралы, 18Б",,,,,Астана,Целиноградский район,Астана,Казахстан,Пн: 00:00-24:00; Вт: 00:00-24:00; Ср: 00:00-24:00; Чт: 00:00-24:00; Пт: 00:00-24:00; Сб: 00:00-24:00; Вс: 00:00-24:00,+05:00,4.7,111,87750696688,,,,,,,https://instagram.com/jailau_resort,,,https://wa.me/77750696688,,,,,50.981771,71.394008,https://2gis.com/firm/70000001061025523
Beauty,SPA-салон,SPA-процедуры; Косметолог; Парикмахерские; Массажист; Эпиляция; Бани и сауны; Студии загара,"проспект Женис, 1",3 этаж,,,Сарыарка район,Астана,,Астана,Казахстан,Пн: 10:00-21:00; Вт: 10:00-21:00; Ср: 10:00-21:00; Чт: 10:00-21:00; Пт: 10:00-21:00; Сб: 10:00-21:00; Вс: 10:00-21:00,+05:00,3.9,18,87028886642,87172433467,,,,,,https://instagram.com/beautyspa_astana,,,https://wa.me/77028886642,,,,,51.159182,71.413437,https://2gis.com/firm/70000001018063939
Beautica,салон красоты,SPA-процедуры; Парикмахерские; Ногтевые студии; Визажисты; Оформление бровей и ресниц; Косметолог; Эпиляция; Имидж-консультанты; Массажист; Обучение мастеров для салонов красоты; Перманентный макияж,"улица Отырар, 3",,,,Байконыр район,Астана,,Астана,Казахстан,Пн: 10:00-20:00; Вт: 10:00-20:00; Ср: 10:00-20:00; Чт: 10:00-20:00; Пт: 10:00-20:00; Сб: 10:00-20:00; Вс: 10:00-20:00,+05:00,4.9,147,87172212865,87767316404,87057615467,,,,,https://instagram.com/salon_krasoty_beautica,,,https://wa.me/77767316404,,,https://t.me/+77767316404,,51.167892,71.429578,https://2gis.com/firm/70000001018063952
Dar spa,,SPA-процедуры; Массажист; Эпиляция,"улица Шаймерден Косшыгулулы, 3/1",,,,Сарыарка район,Астана,,Астана,Казахстан,Пн: 10:00-24:00; Вт: 10:00-24:00; Ср: 10:00-24:00; Чт: 10:00-24:00; Пт: 10:00-24:00; Сб: 10:00-24:00; Вс: 10:00-24:00 (по предварительной записи),+05:00,4.5,159,87762840040,,,,,,,,,,https://wa.me/77762840040,,,https://t.me/+77077023084,,51.166923,71.392072,https://2gis.com/firm/70000001061578204
Koricca SPA,,SPA-процедуры; Массажист; Косметолог; Бани и сауны,"проспект Женис, 53/1",,,,Сарыарка район,Астана,,Астана,Казахстан,Пн: 10:00-01:00; Вт: 10:00-01:00; Ср: 10:00-01:00; Чт: 10:00-01:00; Пт: 10:00-01:00; Сб: 10:00-01:00; Вс: 10:00-01:00,+05:00,4.7,33,,,,,,,,https://instagram.com/koricca_spa,,,,,,,,51.180483,71.408496,https://2gis.com/firm/70000001100327403
Spailand,,SPA-процедуры; Массажист,"улица Шаймерден Косшыгулулы, 11/1",,,,Сарыарка район,Астана,,Астана,Казахстан,Пн: 11:00-24:00; Вт: 11:00-24:00; Ср: 11:00-24:00; Чт: 11:00-24:00; Пт: 11:00-24:00; Сб: 11:00-24:00; Вс: 11:00-24:00 (по предварительной записи),+05:00,5.0,3,87089089690,,,,,,,,,,https://wa.me/77089089690,,,,,51.168255,71.387095,https://2gis.com/firm/70000001100617866
Face Up by Diana Valeeva,,SPA-процедуры; Косметолог; Остеопат; Массажист; Услуги тейпирования,"улица Динмухамед Конаев, 12/2",1 этаж,,,Есиль район,Астана,,Астана,Казахстан,Пн: 09:00-21:00; Вт: 09:00-21:00; Ср: 09:00-21:00; Чт: 09:00-21:00; Пт: 09:00-21:00; Сб: 09:00-21:00; Вс: 09:00-21:00 (по предварительной записи),+05:00,5.0,40,87059888730,,,,,http://faceupkz.tilda.ws/,,https://instagram.com/faceup.kz,,,https://wa.me/77059888730,,,,,51.12988,71.42558,https://2gis.com/firm/70000001089697736
Sculptors_astana,массажный кабинет,SPA-процедуры; Массажист,"улица Сыганак, 54/2",1 офис; 6 этаж; в Rai,,,Есиль район,Астана,,Астана,Казахстан,Пн: 10:00-20:00; Вт: 10:00-20:00; Ср: 10:00-20:00; Чт: 10:00-20:00; Пт: 10:00-20:00; Сб: 10:00-20:00 (по предварительной записи),+05:00,4.6,11,87779382192,,,,,,,https://instagram.com/sculptors__astana,,,https://wa.me/77779382192,,,,,51.123827,71.421841,https://2gis.com/firm/70000001056538268
Путь к душе,,SPA-процедуры,"улица Аманжол Болекпаев, 3",,,,Сарайшык район,Астана,,Астана,Казахстан,,+05:00,,,87788646683,,,,,,,,,,https://wa.me/77788646683,,,,,51.124633,71.492685,https://2gis.com/firm/70000001100793739
Rahatai,,SPA-процедуры; Бани и сауны,"улица Ахмет Байтурсынулы, 18",,,,Сарайшык район,Астана,,Астана,Казахстан,Пн: 12:00-24:00; Вт: 12:00-24:00; Ср: 12:00-24:00; Чт: 12:00-24:00; Пт: 12:00-24:00; Сб: 12:00-24:00; Вс: 12:00-24:00,+05:00,,,,,,,,,,,,,,,,,,51.117013,71.512704,https://2gis.com/firm/70000001090273874
Zhulduzay Mussina,салон красоты,SPA-процедуры; Ногтевые студии; Визажисты; Парикмахерские; Эпиляция; Оформление бровей и ресниц; Обучение мастеров для салонов красоты; Косметолог,"улица Е 319, 2",НП: 4,,,Есиль район,Астана,,Астана,Казахстан,Пн: 10:00-20:00; Вт: 10:00-20:00; Ср: 10:00-20:00; Чт: 10:00-20:00; Пт: 10:00-20:00; Сб: 10:00-20:00; Вс: 10:00-20:00 (по предварительной записи),+05:00,4.9,136,87084256153,,,,,,,https://instagram.com/zhulduzay_mussina_beauty,,,https://wa.me/77084256153,,,,,51.061793,71.420222,https://2gis.com/firm/70000001060202045
7 Бояу,салон тайского массажа и СПА,SPA-процедуры; Массажист,"VIP-городок, 24",,,VIP-городок ж/м,Алматы район,Астана,,Астана,Казахстан,Вт: 09:00-23:00; Ср: 09:00-23:00; Чт: 09:00-23:00; Пт: 09:00-23:00; Сб: 09:00-23:00; Вс: 09:00-23:00,+05:00,4.1,23,87000898959,87172232336,,astana-7kpacok@hotmail.com,astana7spa@gmail.com,,,https://instagram.com/7boyau,,,https://wa.me/77000898959,https://wa.me/77017133688,,,,51.149591,71.492479,https://2gis.com/firm/70000001018061150
Центр тишины Рамана,гостевой дом для любителей медитативных практик,SPA-процедуры,"переулок Суткент, 2а",,,Интернациональный ж/м,Сарайшык район,Астана,,Астана,Казахстан,Пн: 09:00-18:00; Вт: 09:00-18:00; Ср: 09:00-18:00; Чт: 09:00-18:00; Пт: 09:00-18:00; Сб: 09:00-18:00; Вс: 09:00-18:00,+05:00,5.0,4,87750191555,,,,,,,https://instagram.com/ramana_center,,,https://wa.me/77750191555,,,,,51.119544,71.571858,https://2gis.com/firm/70000001033224706
